"typ";"quelle_url";"bild_url";"alt_text"
"news";"https://www.deinbier-allgaeu.de/10-jahre-dein-bier/";"https://www.deinbier-allgaeu.de/wp-content/uploads/2026/07/DSC_4172-1080x675.jpg";"<ALT LEER>"
"news";"https://www.deinbier-allgaeu.de/adventmaerkte/";"https://www.deinbier-allgaeu.de/wp-content/uploads/2023/11/Collage-Adventmarkt-1080x675.jpg";"<ALT LEER>"
"news";"https://www.deinbier-allgaeu.de/adventsmaerkte/";"https://www.deinbier-allgaeu.de/wp-content/uploads/2022/11/20201114_1705121-1080x675.jpg";"<ALT LEER>"
"news";"https://www.deinbier-allgaeu.de/alles-fuer-die-party/";"https://www.deinbier-allgaeu.de/wp-content/uploads/2022/07/Partyfass_22-1080x675.jpg";"Sommerzeit 'Party-Fässer' Zeit DEINBIER"
"news";"https://www.deinbier-allgaeu.de/biergarten-28-juni-2025/";"https://www.deinbier-allgaeu.de/wp-content/uploads/2025/06/P1190251-1080x675.jpg";"<ALT LEER>"
"news";"https://www.deinbier-allgaeu.de/bierpreiserhoehung-noetig/";"https://www.deinbier-allgaeu.de/wp-content/uploads/2021/03/DSC_8350-1080x675.jpg";"Dein Bier, Hausen 3, 87665 Mauerstetten"
"news";"https://www.deinbier-allgaeu.de/bock-auf-bock-2/";"https://www.deinbier-allgaeu.de/wp-content/uploads/2023/03/Montage_Bierflasche-Bockbier-1080x675.png";"<ALT LEER>"
"news";"https://www.deinbier-allgaeu.de/bockbieranstich/";"https://www.deinbier-allgaeu.de/wp-content/uploads/2025/03/Plakat2025-1080x675.jpg";"<ALT LEER>"
"news";"https://www.deinbier-allgaeu.de/brauseminare-fuer-gruppen/";"https://www.deinbier-allgaeu.de/wp-content/uploads/2022/02/Brauseminar_3-1080x675.jpg";"Gemeinsames Bierbrauen mit Freunden"
"news";"https://www.deinbier-allgaeu.de/brauseminare/";"https://www.deinbier-allgaeu.de/wp-content/uploads/2022/02/Brauseminar_5-1080x675.jpg";"Gemeinsames Bierbrauen mit Freunden"
"news";"https://www.deinbier-allgaeu.de/danke-an-alle-teilnehmer/";"https://www.deinbier-allgaeu.de/wp-content/uploads/2022/09/beer-g3fcf3a660_1920-1080x675.jpg";"Dein Bier"
"news";"https://www.deinbier-allgaeu.de/das-beste-zum-feste/";"https://www.deinbier-allgaeu.de/wp-content/uploads/2025/12/Einlag-Winterspezialitaeten-1080x675.jpg";"<ALT LEER>"
"news";"https://www.deinbier-allgaeu.de/das-kleine-faesschen/";"https://www.deinbier-allgaeu.de/wp-content/uploads/2024/06/20240615_122331-1080x675.jpg";"<ALT LEER>"
"news";"https://www.deinbier-allgaeu.de/dein-bier-gibts-hier/";"https://www.deinbier-allgaeu.de/wp-content/uploads/2022/01/Rund-Hell-800x675.png";"<ALT LEER>"
"news";"https://www.deinbier-allgaeu.de/dein-bier-hell-alkoholfrei/";"https://www.deinbier-allgaeu.de/wp-content/uploads/2025/06/20250617_190154-1080x675.jpg";"<ALT LEER>"
"news";"https://www.deinbier-allgaeu.de/endlich-wieder-eigenes-bier-brauen-lernen/";"https://www.deinbier-allgaeu.de/wp-content/uploads/2022/02/Brauseminar_5-1080x675.jpg";"Gemeinsames Bierbrauen mit Freunden"
"news";"https://www.deinbier-allgaeu.de/fastenzeit-ist-starkbierzeit/";"https://www.deinbier-allgaeu.de/wp-content/uploads/2023/03/Montage_Bierflasche-Bockbier-1080x675.png";"<ALT LEER>"
"news";"https://www.deinbier-allgaeu.de/freie-plaetze-brauseminar-am-08-06-2024/";"https://www.deinbier-allgaeu.de/wp-content/uploads/2022/02/Brauseminar_5-1080x675.jpg";"Gemeinsames Bierbrauen mit Freunden"
"news";"https://www.deinbier-allgaeu.de/frohe-weihnachten/";"https://www.deinbier-allgaeu.de/wp-content/uploads/2022/12/20201201_173850-1080x675.jpg";"<ALT LEER>"
"news";"https://www.deinbier-allgaeu.de/frohe-weihnachten/";"https://www.deinbier-allgaeu.de/wp-content/uploads/2023/12/DSC_9319-edited-2.jpg";"<ALT LEER>"
"news";"https://www.deinbier-allgaeu.de/genussbiergartenzeit/";"https://www.deinbier-allgaeu.de/wp-content/uploads/2023/06/P1190251-1080x675.jpg";"<ALT LEER>"
"news";"https://www.deinbier-allgaeu.de/genussbiergartenzeit/";"https://www.deinbier-allgaeu.de/wp-content/uploads/2026/06/Karins-Kuchenschmiede.jpg";"<ALT LEER>"
"news";"https://www.deinbier-allgaeu.de/genussbiergartenzeit/";"https://www.deinbier-allgaeu.de/wp-content/uploads/2026/06/Logo-DeinBier-1024x1024.jpg";"<ALT LEER>"
"news";"https://www.deinbier-allgaeu.de/genussbiergartenzeit/";"https://www.deinbier-allgaeu.de/wp-content/uploads/2026/06/Logo-sechseck_250.png";"<ALT LEER>"
"news";"https://www.deinbier-allgaeu.de/genussbiergartenzeit/";"https://www.deinbier-allgaeu.de/wp-content/uploads/2026/06/SSM-Logo_weiss-659x1024.png";"<ALT LEER>"
"news";"https://www.deinbier-allgaeu.de/genussbiergartenzeit/";"https://www.deinbier-allgaeu.de/wp-content/uploads/2026/06/Wild-Schick-1024x946.png";"<ALT LEER>"
"news";"https://www.deinbier-allgaeu.de/geschenkideen-2/";"blob:https://www.deinbier-allgaeu.de/3cdf5d48-7491-42f4-82cb-843d80f61040";"<ALT LEER>"
"news";"https://www.deinbier-allgaeu.de/geschenkideen-2/";"https://www.deinbier-allgaeu.de/wp-content/uploads/2024/11/D2X_0022-1080x675.jpg";"<ALT LEER>"
"news";"https://www.deinbier-allgaeu.de/geschenkideen-2/";"https://www.deinbier-allgaeu.de/wp-content/uploads/2024/11/D2X_0052-1024x680.jpg";"<ALT LEER>"
"news";"https://www.deinbier-allgaeu.de/geschenkideen-2/";"https://www.deinbier-allgaeu.de/wp-content/uploads/2024/11/IMG-20231125-WA0001-768x1024.jpg";"
"
"news";"https://www.deinbier-allgaeu.de/geschenkideen/";"https://www.deinbier-allgaeu.de/wp-content/uploads/2021/03/20191124_130650-1024x768.jpg";"Eine Auswahl von unseren Produkten"
"news";"https://www.deinbier-allgaeu.de/geschenkideen/";"https://www.deinbier-allgaeu.de/wp-content/uploads/2022/12/20211108_1533451-690x1024.jpg";"<ALT LEER>"
"news";"https://www.deinbier-allgaeu.de/geschenkideen/";"https://www.deinbier-allgaeu.de/wp-content/uploads/2023/11/D2X_0044-edited-scaled.jpg";"<ALT LEER>"
"news";"https://www.deinbier-allgaeu.de/geschenkideen/";"https://www.deinbier-allgaeu.de/wp-content/uploads/2023/11/Geschenkset-klein-875x1024.jpg";"<ALT LEER>"
"news";"https://www.deinbier-allgaeu.de/geschenkideen/";"https://www.deinbier-allgaeu.de/wp-content/uploads/2023/11/Geschenkset-klein-v.oben_-1080x675.jpg";"<ALT LEER>"
"news";"https://www.deinbier-allgaeu.de/geschenkideen/";"https://www.deinbier-allgaeu.de/wp-content/uploads/2023/11/Geschenkset-maxi-1024x576.jpg";"<ALT LEER>"
"news";"https://www.deinbier-allgaeu.de/geschenkideen/";"https://www.deinbier-allgaeu.de/wp-content/uploads/2023/11/Malzgelle-klein-1024x768.jpg";"<ALT LEER>"
"news";"https://www.deinbier-allgaeu.de/geschenkideen/";"https://www.deinbier-allgaeu.de/wp-content/uploads/2023/11/Schnaps-klein-797x1024.jpg";"<ALT LEER>"
"news";"https://www.deinbier-allgaeu.de/heuer-keine-weihnachtsmaerkte/";"https://www.deinbier-allgaeu.de/wp-content/uploads/2024/11/DSC_1449-1080x675.jpg";"<ALT LEER>"
"news";"https://www.deinbier-allgaeu.de/hurra-unser-festbier-ist-da/";"https://www.deinbier-allgaeu.de/wp-content/uploads/2022/02/Holzkiste_Festbier-800x675.png";"Bestes Röstmalz verleiht dem Bier sein bernsteinfarbenes Aussehen und sein malzig karamelliges Aroma."
"news";"https://www.deinbier-allgaeu.de/letztes-oeffentliches-brauseminar-2025/";"https://www.deinbier-allgaeu.de/wp-content/uploads/2022/01/ansatz1-1080x675.jpg";"Hier wird das Malzschrot im Maischebottich mit Wasser vermischt und alles erhitzt."
"news";"https://www.deinbier-allgaeu.de/macht-mal-auszeit/";"https://www.deinbier-allgaeu.de/wp-content/uploads/2023/01/20230126_1656141-1080x675.jpg";"<ALT LEER>"
"news";"https://www.deinbier-allgaeu.de/musik-am-stockerberg/";"https://www.deinbier-allgaeu.de/wp-content/uploads/2023/09/Screenshot_20230912_083234_Instagram-1080x675.jpg";"<ALT LEER>"
"news";"https://www.deinbier-allgaeu.de/neu-im-sortiment/";"https://www.deinbier-allgaeu.de/wp-content/uploads/2024/06/20240615_122331-1080x675.jpg";"<ALT LEER>"
"news";"https://www.deinbier-allgaeu.de/oeffentliches-brauseminar/";"https://www.deinbier-allgaeu.de/wp-content/uploads/2022/02/Brauen_auswaerts_1-1080x675.jpeg";"Dein Bier Brauseminar bei Euch Zuhause"
"news";"https://www.deinbier-allgaeu.de/regionaler-adventskalender-2025/";"https://www.deinbier-allgaeu.de/wp-content/uploads/2025/11/A-Kalender-2025-Flyer-A4-Version-2_251107_160916-1080x675.jpg";"<ALT LEER>"
"news";"https://www.deinbier-allgaeu.de/sommerzeit-party-faesser-zeit/";"https://www.deinbier-allgaeu.de/wp-content/uploads/2022/07/Partyfass_22-1080x675.jpg";"Sommerzeit 'Party-Fässer' Zeit DEINBIER"
"news";"https://www.deinbier-allgaeu.de/starkbierfest-in-der-brauscheune-in-hausen/";"https://www.deinbier-allgaeu.de/wp-content/uploads/2021/03/Bock-rund-800x675.png";"Logo Bockbier"
"news";"https://www.deinbier-allgaeu.de/termin-fuer-naechstes-brauseminar/";"https://www.deinbier-allgaeu.de/wp-content/uploads/2022/01/malz_offen-1080x675.jpg";"Bevor der Brausud angesetzt wird muss das Malz geschrotet werden"
"news";"https://www.deinbier-allgaeu.de/termine-oeffentliche-bauseminare-2025/";"https://www.deinbier-allgaeu.de/wp-content/uploads/2022/01/ansatz1-1080x675.jpg";"Hier wird das Malzschrot im Maischebottich mit Wasser vermischt und alles erhitzt."
"news";"https://www.deinbier-allgaeu.de/termine-oeffentliche-brauseminare-1-halbjahr-2026/";"https://www.deinbier-allgaeu.de/wp-content/uploads/2022/01/malz_offen-1080x675.jpg";"Bevor der Brausud angesetzt wird muss das Malz geschrotet werden"
"news";"https://www.deinbier-allgaeu.de/termine-oeffentliche-brauseminare/";"https://www.deinbier-allgaeu.de/wp-content/uploads/2022/01/ansatz-1080x675.jpg";"Hier wird das Malzschrot im Maischebottich mit Wasser vermischt und alles erhitzt."
"news";"https://www.deinbier-allgaeu.de/weihnachtsbrauerei/";"https://www.deinbier-allgaeu.de/wp-content/uploads/2022/11/20191206_1749321-1080x675.jpg";"<ALT LEER>"
"news";"https://www.deinbier-allgaeu.de/weihnachtszauber-bei-dein-bier/";"https://www.deinbier-allgaeu.de/wp-content/uploads/2022/12/20201201_173850-1080x675.jpg";"<ALT LEER>"
"news";"https://www.deinbier-allgaeu.de/weizenbier-ist-wieder-da/";"https://www.deinbier-allgaeu.de/wp-content/uploads/2022/01/Rund-Weizen-800x675.png";"<ALT LEER>"
"news";"https://www.deinbier-allgaeu.de/weizenbier-ist-wieder-da/";"https://www.deinbier-allgaeu.de/wp-content/uploads/2026/06/Montage_Bierflasche-Weizen-684x1024.png";"<ALT LEER>"
"news";"https://www.deinbier-allgaeu.de/wieder-da-gluehbi-und-winterzicke/";"https://www.deinbier-allgaeu.de/wp-content/uploads/2023/03/eroeffnung-wdg_23-1080x675.jpg";"Ferienwohnung Landhof Eselblick Brauerei DEINBIER Frankenried-Mauerstetten"
"news";"https://www.deinbier-allgaeu.de/winterspezialitaeten/";"https://www.deinbier-allgaeu.de/wp-content/uploads/2022/02/gluehbi-1080x675.png";"GLÜHBI"
"news";"https://www.deinbier-allgaeu.de/winterzauber/";"https://www.deinbier-allgaeu.de/wp-content/uploads/2022/11/20191206_1749321-1024x768.jpg";"<ALT LEER>"
"news";"https://www.deinbier-allgaeu.de/winterzauber/";"https://www.deinbier-allgaeu.de/wp-content/uploads/2023/12/DSC_9319-edited-2-1004x675.jpg";"<ALT LEER>"
"news";"https://www.deinbier-allgaeu.de/winterzeit-gluehbi-und-zicken-zeit/";"https://www.deinbier-allgaeu.de/wp-content/uploads/2025/11/20211110_111732-1080x675.jpg";"<ALT LEER>"
"news";"https://www.deinbier-allgaeu.de/winterzeit-spezialitaetenzeit/";"https://www.deinbier-allgaeu.de/wp-content/uploads/2022/01/Bierstachel-1080x675.jpg";"Unserer neue Bierstachel Station für unserem frisch abgefüllten Dein Bier Bock."
"news";"https://www.deinbier-allgaeu.de/winterzeit-spezialitaetenzeit/";"https://www.deinbier-allgaeu.de/wp-content/uploads/2022/01/Bierstachel1-150x150.jpg";"Unserer neue Bierstachel Station für unserem frisch abgefüllten Dein Bier Bock."
"news";"https://www.deinbier-allgaeu.de/winterzeit-spezialitaetenzeit/";"https://www.deinbier-allgaeu.de/wp-content/uploads/2022/01/Bierstachel2.jpg";"Unserer neue Bierstachel Station für unserem frisch abgefüllten Dein Bier Bock."
"news";"https://www.deinbier-allgaeu.de/winterzeit-spezialitaetenzeit/";"https://www.deinbier-allgaeu.de/wp-content/uploads/2022/01/Bierstachel3.jpg";"Unserer neue Bierstachel Station für unserem frisch abgefüllten Dein Bier Bock."
"seiten";"https://www.deinbier-allgaeu.de/";"https://www.deinbier-allgaeu.de/wp-content/uploads/2021/03/Bierlikoer.png";"<ALT LEER>"
"seiten";"https://www.deinbier-allgaeu.de/";"https://www.deinbier-allgaeu.de/wp-content/uploads/2021/03/Bruier-Fuier.png";"<ALT LEER>"
"seiten";"https://www.deinbier-allgaeu.de/";"https://www.deinbier-allgaeu.de/wp-content/uploads/2021/03/DSC_1784.png";"Unser Zirkuszelt 12 m Durchmesser und einer Innenfläche von 113 m² für ihre Gartenparty"
"seiten";"https://www.deinbier-allgaeu.de/";"https://www.deinbier-allgaeu.de/wp-content/uploads/2021/03/Etikette-Dorfladen-Waal.jpg";"<ALT LEER>"
"seiten";"https://www.deinbier-allgaeu.de/";"https://www.deinbier-allgaeu.de/wp-content/uploads/2021/03/Etikette-Hochzeitsbier.jpg";"<ALT LEER>"
"seiten";"https://www.deinbier-allgaeu.de/";"https://www.deinbier-allgaeu.de/wp-content/uploads/2021/03/Etikette-Michelin.jpg";"<ALT LEER>"
"seiten";"https://www.deinbier-allgaeu.de/";"https://www.deinbier-allgaeu.de/wp-content/uploads/2021/03/Etikette-Stockheimer.jpg";"<ALT LEER>"
"seiten";"https://www.deinbier-allgaeu.de/";"https://www.deinbier-allgaeu.de/wp-content/uploads/2021/03/Garnitur.png";"Wir verleihen auch Brauereigarnituren für ihr Fest"
"seiten";"https://www.deinbier-allgaeu.de/";"https://www.deinbier-allgaeu.de/wp-content/uploads/2021/03/Verschieden-Malzgelee.png";"<ALT LEER>"
"seiten";"https://www.deinbier-allgaeu.de/";"https://www.deinbier-allgaeu.de/wp-content/uploads/2022/01/bierkruege.jpg";"Gerne verleihen wir auch Gläser und Krüge für ihre Party"
"seiten";"https://www.deinbier-allgaeu.de/";"https://www.deinbier-allgaeu.de/wp-content/uploads/2022/01/Rund-Weizen.png";"<ALT LEER>"
"seiten";"https://www.deinbier-allgaeu.de/";"https://www.deinbier-allgaeu.de/wp-content/uploads/2022/02/Brauerei_Festraum.jpg";"<ALT LEER>"
"seiten";"https://www.deinbier-allgaeu.de/";"https://www.deinbier-allgaeu.de/wp-content/uploads/2022/02/externes_catering.jpg";"<ALT LEER>"
"seiten";"https://www.deinbier-allgaeu.de/";"https://www.deinbier-allgaeu.de/wp-content/uploads/2022/02/Feier_bei_uns_4-1.jpeg";"<ALT LEER>"
"seiten";"https://www.deinbier-allgaeu.de/";"https://www.deinbier-allgaeu.de/wp-content/uploads/2022/02/Festzelt-im-Brauereigarten.jpg";"<ALT LEER>"
"seiten";"https://www.deinbier-allgaeu.de/";"https://www.deinbier-allgaeu.de/wp-content/uploads/2022/02/grill.jpg";"<KEIN ALT-ATTRIBUT>"
"seiten";"https://www.deinbier-allgaeu.de/";"https://www.deinbier-allgaeu.de/wp-content/uploads/2022/02/telephone-g664907d5a_1920.jpg";"<ALT LEER>"
"seiten";"https://www.deinbier-allgaeu.de/";"https://www.deinbier-allgaeu.de/wp-content/uploads/2022/07/Bierflasche-Helles.png";"DEIN BIER, Hausen 3, 87665 Mauerstetten"
"seiten";"https://www.deinbier-allgaeu.de/";"https://www.deinbier-allgaeu.de/wp-content/uploads/2022/07/Brauerei-Hausen.jpg";"<ALT LEER>"
"seiten";"https://www.deinbier-allgaeu.de/";"https://www.deinbier-allgaeu.de/wp-content/uploads/2022/07/Brauerei-Mobil.jpg";"<ALT LEER>"
"seiten";"https://www.deinbier-allgaeu.de/";"https://www.deinbier-allgaeu.de/wp-content/uploads/2022/07/Brauseminar_3.jpg";"<ALT LEER>"
"seiten";"https://www.deinbier-allgaeu.de/";"https://www.deinbier-allgaeu.de/wp-content/uploads/2022/07/Brauseminar-1.jpg";"<ALT LEER>"
"seiten";"https://www.deinbier-allgaeu.de/";"https://www.deinbier-allgaeu.de/wp-content/uploads/2022/07/Etikette-Sonstiges-768x432-1.jpg";"<ALT LEER>"
"seiten";"https://www.deinbier-allgaeu.de/";"https://www.deinbier-allgaeu.de/wp-content/uploads/2022/07/logo_rund-1.png";"Dein Bier zu Hausen gebraut"
"seiten";"https://www.deinbier-allgaeu.de/";"https://www.deinbier-allgaeu.de/wp-content/uploads/2023/03/startseite.png";"Dein Bier zu Hausen gebraut"
"seiten";"https://www.deinbier-allgaeu.de/";"https://www.deinbier-allgaeu.de/wp-content/uploads/2024/06/20240615_122331-scaled.jpg";"<ALT LEER>"
"seiten";"https://www.deinbier-allgaeu.de/";"https://www.deinbier-allgaeu.de/wp-content/uploads/2026/07/DSC_4172-scaled.jpg";"<ALT LEER>"
"seiten";"https://www.deinbier-allgaeu.de/1523-2/";"https://www.deinbier-allgaeu.de/wp-content/uploads/2021/03/Bock-rund-400x250.png";"Starkbierfest in der Brauscheune in Hausen"
"seiten";"https://www.deinbier-allgaeu.de/1523-2/";"https://www.deinbier-allgaeu.de/wp-content/uploads/2021/03/Logo-Dein_Bier.png";"Dein Bier, Hausen 3, 87665 Mauerstetten"
"seiten";"https://www.deinbier-allgaeu.de/1523-2/";"https://www.deinbier-allgaeu.de/wp-content/uploads/2022/01/malz_offen-400x250.jpg";"Termine öffentliche Brauseminare 1. Halbjahr 2026"
"seiten";"https://www.deinbier-allgaeu.de/1523-2/";"https://www.deinbier-allgaeu.de/wp-content/uploads/2022/01/Rund-Weizen-400x250.png";"Weizenbier ist wieder da"
"seiten";"https://www.deinbier-allgaeu.de/1523-2/";"https://www.deinbier-allgaeu.de/wp-content/uploads/2022/02/Holzkiste_Festbier-400x250.png";"Hurra unser Festbier ist da!"
"seiten";"https://www.deinbier-allgaeu.de/1523-2/";"https://www.deinbier-allgaeu.de/wp-content/uploads/2023/03/Montage_Bierflasche-Bockbier-400x250.png";"Bock auf Bock?"
"seiten";"https://www.deinbier-allgaeu.de/1523-2/";"https://www.deinbier-allgaeu.de/wp-content/uploads/2023/06/P1190251-400x250.jpg";"Genussbiergartenzeit"
"seiten";"https://www.deinbier-allgaeu.de/1523-2/";"https://www.deinbier-allgaeu.de/wp-content/uploads/2024/06/20240615_122331-400x250.jpg";"Das kleine Fässchen"
"seiten";"https://www.deinbier-allgaeu.de/1523-2/";"https://www.deinbier-allgaeu.de/wp-content/uploads/2025/12/Einlag-Winterspezialitaeten-400x250.jpg";"Das Beste zum Feste"
"seiten";"https://www.deinbier-allgaeu.de/1523-2/";"https://www.deinbier-allgaeu.de/wp-content/uploads/2026/06/Karins-Kuchenschmiede.jpg";"<ALT LEER>"
"seiten";"https://www.deinbier-allgaeu.de/1523-2/";"https://www.deinbier-allgaeu.de/wp-content/uploads/2026/06/Logo-DeinBier-1024x1024.jpg";"<ALT LEER>"
"seiten";"https://www.deinbier-allgaeu.de/1523-2/";"https://www.deinbier-allgaeu.de/wp-content/uploads/2026/06/Logo-sechseck_250.png";"<ALT LEER>"
"seiten";"https://www.deinbier-allgaeu.de/1523-2/";"https://www.deinbier-allgaeu.de/wp-content/uploads/2026/06/Montage_Bierflasche-Weizen-684x1024.png";"<ALT LEER>"
"seiten";"https://www.deinbier-allgaeu.de/1523-2/";"https://www.deinbier-allgaeu.de/wp-content/uploads/2026/06/SSM-Logo_weiss-659x1024.png";"<ALT LEER>"
"seiten";"https://www.deinbier-allgaeu.de/1523-2/";"https://www.deinbier-allgaeu.de/wp-content/uploads/2026/06/Wild-Schick-1024x946.png";"<ALT LEER>"
"seiten";"https://www.deinbier-allgaeu.de/1523-2/";"https://www.deinbier-allgaeu.de/wp-content/uploads/2026/07/DSC_4172-400x250.jpg";"10 Jahre DEIN BIER"
"seiten";"https://www.deinbier-allgaeu.de/brauseminar-2/";"https://www.deinbier-allgaeu.de/wp-content/uploads/2021/03/Brauerei-Mobil.jpg";"Auch außer Haus bieten wir unsere Brauseminare an"
"seiten";"https://www.deinbier-allgaeu.de/brauseminar-2/";"https://www.deinbier-allgaeu.de/wp-content/uploads/2021/04/Etikette-Bartaxt.jpg";"Individualisierung von selbstgebrauten Bier"
"seiten";"https://www.deinbier-allgaeu.de/brauseminar-2/";"https://www.deinbier-allgaeu.de/wp-content/uploads/2021/04/Etikette-Kraftstoff.jpg";"Individualisierung von selbstgebrauten Bier"
"seiten";"https://www.deinbier-allgaeu.de/brauseminar-2/";"https://www.deinbier-allgaeu.de/wp-content/uploads/2021/04/Etikette-Physio.jpg";"Individualisierung von selbstgebrauten Bier"
"seiten";"https://www.deinbier-allgaeu.de/brauseminar-2/";"https://www.deinbier-allgaeu.de/wp-content/uploads/2022/01/ablaeutern.jpg";"Die groben Bestandteile der Maische werden abgefiltert."
"seiten";"https://www.deinbier-allgaeu.de/brauseminar-2/";"https://www.deinbier-allgaeu.de/wp-content/uploads/2022/01/ansatz.jpg";"Hier wird das Malzschrot im Maischebottich mit Wasser vermischt und alles erhitzt."
"seiten";"https://www.deinbier-allgaeu.de/brauseminar-2/";"https://www.deinbier-allgaeu.de/wp-content/uploads/2022/01/hopfen.jpg";"Nachdem sich die Sudpfanne nahezu gefüllt hat wird es Zeit für die erste Hopfengabe"
"seiten";"https://www.deinbier-allgaeu.de/brauseminar-2/";"https://www.deinbier-allgaeu.de/wp-content/uploads/2022/01/hopfen1.jpg";"Nachdem sich die Sudpfanne nahezu gefüllt hat wird es Zeit für die erste Hopfengabe"
"seiten";"https://www.deinbier-allgaeu.de/brauseminar-2/";"https://www.deinbier-allgaeu.de/wp-content/uploads/2022/01/sud1.jpg";"Fertige Maische im Sudkessel"
"seiten";"https://www.deinbier-allgaeu.de/brauseminar-2/";"https://www.deinbier-allgaeu.de/wp-content/uploads/2022/01/sud2.jpg";"Die Maische im Sudkessel muss kräftig gerührt werden"
"seiten";"https://www.deinbier-allgaeu.de/brauseminar-2/";"https://www.deinbier-allgaeu.de/wp-content/uploads/2022/01/sud3.jpg";"Sud im Braukessel"
"seiten";"https://www.deinbier-allgaeu.de/brauseminar-2/";"https://www.deinbier-allgaeu.de/wp-content/uploads/2022/01/tank.jpg";"Im Gärtank wird der abgekühlte Sud mit Hefe versetzt und der Gärprozess startet."
"seiten";"https://www.deinbier-allgaeu.de/brauseminar-2/";"https://www.deinbier-allgaeu.de/wp-content/uploads/2022/01/treber.jpg";"Der Trebermeister schaufelt den Treber aus dem Läuterbottich ab"
"seiten";"https://www.deinbier-allgaeu.de/brauseminar-2/";"https://www.deinbier-allgaeu.de/wp-content/uploads/2022/02/Brauen_auswaerts_1.jpeg";"Dein Bier Brauseminar bei Euch Zuhause"
"seiten";"https://www.deinbier-allgaeu.de/brauseminar-2/";"https://www.deinbier-allgaeu.de/wp-content/uploads/2022/02/Brauen_auswaerts_2.jpeg";"Dein Bier Brauseminar bei Euch Zuhause"
"seiten";"https://www.deinbier-allgaeu.de/brauseminar-2/";"https://www.deinbier-allgaeu.de/wp-content/uploads/2022/02/Brauseminar_1.jpg";"Gemeinsames Bierbrauen mit Freunden"
"seiten";"https://www.deinbier-allgaeu.de/brauseminar-2/";"https://www.deinbier-allgaeu.de/wp-content/uploads/2022/02/Brauseminar_2.jpg";"Gemeinsames Bierbrauen mit Freunden"
"seiten";"https://www.deinbier-allgaeu.de/brauseminar-2/";"https://www.deinbier-allgaeu.de/wp-content/uploads/2022/02/Brauseminar_3.jpg";"Gemeinsames Bierbrauen mit Freunden"
"seiten";"https://www.deinbier-allgaeu.de/brauseminar-2/";"https://www.deinbier-allgaeu.de/wp-content/uploads/2022/02/Brauseminar_4.jpg";"Gemeinsames Bierbrauen mit Freunden"
"seiten";"https://www.deinbier-allgaeu.de/events-service/leihinventar/";"https://www.deinbier-allgaeu.de/wp-content/uploads/2022/02/Bierkuehler-300x200.jpg";"Verleih Dein Bier Allgäu, Hausen 3, 87665 Mauerstetten"
"seiten";"https://www.deinbier-allgaeu.de/events-service/leihinventar/";"https://www.deinbier-allgaeu.de/wp-content/uploads/2022/02/Biertischgarnitur-300x200.png";"Verleih Dein Bier Allgäu"
"seiten";"https://www.deinbier-allgaeu.de/events-service/leihinventar/";"https://www.deinbier-allgaeu.de/wp-content/uploads/2022/02/Feuerschalengrill-300x241.jpg";"Verleih Dein Bier Allgäu, Hausen 3, 87665 Mauerstetten"
"seiten";"https://www.deinbier-allgaeu.de/events-service/leihinventar/";"https://www.deinbier-allgaeu.de/wp-content/uploads/2022/02/pavillion-300x204.jpg";"Unser Pavillion für ihre Party mit den Abmaß 3x3m"
"seiten";"https://www.deinbier-allgaeu.de/events-service/leihinventar/";"https://www.deinbier-allgaeu.de/wp-content/uploads/2022/02/Stehtisch_rund-300x300.jpg";"Verleih Dein Bier Allgäu, Hausen 3, 87665 Mauerstetten"
"seiten";"https://www.deinbier-allgaeu.de/events-service/leihinventar/";"https://www.deinbier-allgaeu.de/wp-content/uploads/2022/02/zirkuszelt_klein-300x200.jpg";"Unser Zirkuszelt für ihre Party 12 m Durchmesser"
"seiten";"https://www.deinbier-allgaeu.de/ferienwohnung/";"https://www.deinbier-allgaeu.de/wp-content/uploads/2023/03/215x300_blauer-gockel-Kopie.png";"Blauer Gockel"
"seiten";"https://www.deinbier-allgaeu.de/ferienwohnung/";"https://www.deinbier-allgaeu.de/wp-content/uploads/2023/03/csm_Genussmacher_Logo_neutral_7a8e8e79d8.webp";"Allgäuer GenussMacher"
"seiten";"https://www.deinbier-allgaeu.de/ferienwohnung/";"https://www.deinbier-allgaeu.de/wp-content/uploads/2023/03/eroeffnung-wdg_10.jpg";"Ferienwohnung Landhof Eselblick Brauerei DEINBIER Frankenried-Mauerstetten"
"seiten";"https://www.deinbier-allgaeu.de/ferienwohnung/";"https://www.deinbier-allgaeu.de/wp-content/uploads/2023/03/eroeffnung-wdg_11.jpg";"Ferienwohnung Landhof Eselblick Brauerei DEINBIER Frankenried-Mauerstetten"
"seiten";"https://www.deinbier-allgaeu.de/ferienwohnung/";"https://www.deinbier-allgaeu.de/wp-content/uploads/2023/03/eroeffnung-wdg_14.jpg";"Ferienwohnung Landhof Eselblick Brauerei DEINBIER Frankenried-Mauerstetten"
"seiten";"https://www.deinbier-allgaeu.de/ferienwohnung/";"https://www.deinbier-allgaeu.de/wp-content/uploads/2023/03/eroeffnung-wdg_2.jpg";"Ferienwohnung Landhof Eselblick Brauerei DEINBIER Frankenried-Mauerstetten"
"seiten";"https://www.deinbier-allgaeu.de/ferienwohnung/";"https://www.deinbier-allgaeu.de/wp-content/uploads/2023/03/eroeffnung-wdg_4.jpg";"Ferienwohnung Landhof Eselblick Brauerei DEINBIER Frankenried-Mauerstetten"
"seiten";"https://www.deinbier-allgaeu.de/ferienwohnung/";"https://www.deinbier-allgaeu.de/wp-content/uploads/2023/03/eroeffnung-wdg_5.jpg";"Ferienwohnung Landhof Eselblick Brauerei DEINBIER Frankenried-Mauerstetten"
"seiten";"https://www.deinbier-allgaeu.de/ferienwohnung/";"https://www.deinbier-allgaeu.de/wp-content/uploads/2023/03/eroeffnung-wdg_7.jpg";"Ferienwohnung Landhof Eselblick Brauerei DEINBIER Frankenried-Mauerstetten"
"seiten";"https://www.deinbier-allgaeu.de/ferienwohnung/1785-2/";"https://www.deinbier-allgaeu.de/wp-content/uploads/2023/03/eroeffnung-wdg_16.jpg";"Ferienwohnung Landhof Eselblick Brauerei DEINBIER Frankenried-Mauerstetten"
"seiten";"https://www.deinbier-allgaeu.de/ferienwohnung/1785-2/";"https://www.deinbier-allgaeu.de/wp-content/uploads/2023/03/eroeffnung-wdg_17.jpg";"Ferienwohnung Landhof Eselblick Brauerei DEINBIER Frankenried-Mauerstetten"
"seiten";"https://www.deinbier-allgaeu.de/ferienwohnung/1785-2/";"https://www.deinbier-allgaeu.de/wp-content/uploads/2023/03/eroeffnung-wdg_18.jpg";"Ferienwohnung Landhof Eselblick Brauerei DEINBIER Frankenried-Mauerstetten"
"seiten";"https://www.deinbier-allgaeu.de/ferienwohnung/1785-2/";"https://www.deinbier-allgaeu.de/wp-content/uploads/2023/03/eroeffnung-wdg_20.jpg";"Ferienwohnung Landhof Eselblick Brauerei DEINBIER Frankenried-Mauerstetten"
"seiten";"https://www.deinbier-allgaeu.de/ferienwohnung/1785-2/";"https://www.deinbier-allgaeu.de/wp-content/uploads/2023/03/eroeffnung-wdg_21.jpg";"Ferienwohnung Landhof Eselblick Brauerei DEINBIER Frankenried-Mauerstetten"
"seiten";"https://www.deinbier-allgaeu.de/ferienwohnung/1785-2/";"https://www.deinbier-allgaeu.de/wp-content/uploads/2023/03/eroeffnung-wdg_22.jpg";"Ferienwohnung Landhof Eselblick Brauerei DEINBIER Frankenried-Mauerstetten"
"seiten";"https://www.deinbier-allgaeu.de/ferienwohnung/1785-2/";"https://www.deinbier-allgaeu.de/wp-content/uploads/2023/03/eroeffnung-wdg_24.jpg";"Ferienwohnung Landhof Eselblick Brauerei DEINBIER Frankenried-Mauerstetten"
"seiten";"https://www.deinbier-allgaeu.de/ferienwohnung/1785-2/";"https://www.deinbier-allgaeu.de/wp-content/uploads/2023/03/eroeffnung-wdg_27.jpg";"Ferienwohnung Landhof Eselblick Brauerei DEINBIER Frankenried-Mauerstetten"
"seiten";"https://www.deinbier-allgaeu.de/ferienwohnung/1785-2/";"https://www.deinbier-allgaeu.de/wp-content/uploads/2023/03/eroeffnung-wdg_29.jpg";"Ferienwohnung Landhof Eselblick Brauerei DEINBIER Frankenried-Mauerstetten"
"seiten";"https://www.deinbier-allgaeu.de/ferienwohnung/1785-2/";"https://www.deinbier-allgaeu.de/wp-content/uploads/2023/03/eroeffnung-wdg_32.jpg";"Ferienwohnung Landhof Eselblick Brauerei DEINBIER Frankenried-Mauerstetten"
"seiten";"https://www.deinbier-allgaeu.de/ferienwohnung/1785-2/";"https://www.deinbier-allgaeu.de/wp-content/uploads/2023/03/eroeffnung-wdg_33.jpg";"Ferienwohnung Landhof Eselblick Brauerei DEINBIER Frankenried-Mauerstetten"
"seiten";"https://www.deinbier-allgaeu.de/ferienwohnung/1785-2/";"https://www.deinbier-allgaeu.de/wp-content/uploads/2023/03/eroeffnung-wdg_36.jpg";"Ferienwohnung Landhof Eselblick Brauerei DEINBIER Frankenried-Mauerstetten"
"seiten";"https://www.deinbier-allgaeu.de/home/ueber-uns/";"https://www.deinbier-allgaeu.de/wp-content/uploads/2022/01/anlieferung1.jpg";"Der Traum wird wahr, die eigene Brauerei wird eingerichtet"
"seiten";"https://www.deinbier-allgaeu.de/home/ueber-uns/";"https://www.deinbier-allgaeu.de/wp-content/uploads/2022/01/anlieferung2.jpg";"Der Traum wird wahr, die eigene Brauerei wird eingerichtet"
"seiten";"https://www.deinbier-allgaeu.de/home/ueber-uns/";"https://www.deinbier-allgaeu.de/wp-content/uploads/2022/01/anlieferung3.jpg";"Der Traum wird wahr, die eigene Brauerei wird eingerichtet"
"seiten";"https://www.deinbier-allgaeu.de/home/ueber-uns/";"https://www.deinbier-allgaeu.de/wp-content/uploads/2022/01/anlieferung4.jpg";"Der Traum wird wahr, die eigene Brauerei wird eingerichtet"
"seiten";"https://www.deinbier-allgaeu.de/home/ueber-uns/";"https://www.deinbier-allgaeu.de/wp-content/uploads/2022/01/anlieferung5.jpg";"Brauerei Dein Bier in Hausen 3, 87665 Mauerstetten-Hausen"
"seiten";"https://www.deinbier-allgaeu.de/home/ueber-uns/";"https://www.deinbier-allgaeu.de/wp-content/uploads/2022/01/brausud.jpg";"Der angesetzte Brausud muss mehrere Stunden kocken bevor er abgeläutert werden kann"
"seiten";"https://www.deinbier-allgaeu.de/home/ueber-uns/";"https://www.deinbier-allgaeu.de/wp-content/uploads/2022/01/brausud1.jpg";"Nach dem abläutern wird der Hopfen zugesetzt"
"seiten";"https://www.deinbier-allgaeu.de/home/ueber-uns/";"https://www.deinbier-allgaeu.de/wp-content/uploads/2022/01/lagerung.jpg";"Hier wird erst der Gärprozess mit Hefe eingeleitet, später reift das Bier dann bis zur Abfüllung im Tank"
"seiten";"https://www.deinbier-allgaeu.de/home/ueber-uns/";"https://www.deinbier-allgaeu.de/wp-content/uploads/2022/01/lagerung1.jpg";"Hier wird erst der Gärprozess mit Hefe eingeleitet, später reift das Bier dann bis zur Abfüllung im Tank"
"seiten";"https://www.deinbier-allgaeu.de/home/ueber-uns/";"https://www.deinbier-allgaeu.de/wp-content/uploads/2022/01/malz_offen.jpg";"Bevor der Brausud angesetzt wird muss das Malz geschrotet werden"
"seiten";"https://www.deinbier-allgaeu.de/home/ueber-uns/";"https://www.deinbier-allgaeu.de/wp-content/uploads/2022/01/malz_sack.jpg";"Blick in den Malzsack"
"seiten";"https://www.deinbier-allgaeu.de/home/ueber-uns/";"https://www.deinbier-allgaeu.de/wp-content/uploads/2022/01/malz-sack_hoch.jpg";"das Spezialmalz Kristalleiche sorgt für eine besonder Karamellnote im Bier"
"seiten";"https://www.deinbier-allgaeu.de/home/ueber-uns/";"https://www.deinbier-allgaeu.de/wp-content/uploads/2022/02/Die_Macher.jpg";"Marlene und Michael Rink"
"seiten";"https://www.deinbier-allgaeu.de/news/";"https://www.deinbier-allgaeu.de/wp-content/uploads/2021/03/Bock-rund-800x675.png";"Starkbierfest in der Brauscheune in Hausen"
"seiten";"https://www.deinbier-allgaeu.de/news/";"https://www.deinbier-allgaeu.de/wp-content/uploads/2022/01/malz_offen-1080x675.jpg";"Termine öffentliche Brauseminare 1. Halbjahr 2026"
"seiten";"https://www.deinbier-allgaeu.de/news/";"https://www.deinbier-allgaeu.de/wp-content/uploads/2022/01/Rund-Weizen-800x675.png";"Weizenbier ist wieder da"
"seiten";"https://www.deinbier-allgaeu.de/news/";"https://www.deinbier-allgaeu.de/wp-content/uploads/2022/02/Holzkiste_Festbier-800x675.png";"Hurra unser Festbier ist da!"
"seiten";"https://www.deinbier-allgaeu.de/news/";"https://www.deinbier-allgaeu.de/wp-content/uploads/2023/03/Montage_Bierflasche-Bockbier-1080x675.png";"Bock auf Bock?"
"seiten";"https://www.deinbier-allgaeu.de/news/";"https://www.deinbier-allgaeu.de/wp-content/uploads/2023/06/P1190251-1080x675.jpg";"Genussbiergartenzeit"
"seiten";"https://www.deinbier-allgaeu.de/news/";"https://www.deinbier-allgaeu.de/wp-content/uploads/2024/06/20240615_122331-1080x675.jpg";"Das kleine Fässchen"
"seiten";"https://www.deinbier-allgaeu.de/news/";"https://www.deinbier-allgaeu.de/wp-content/uploads/2025/12/Einlag-Winterspezialitaeten-1080x675.jpg";"Das Beste zum Feste"
"seiten";"https://www.deinbier-allgaeu.de/news/";"https://www.deinbier-allgaeu.de/wp-content/uploads/2026/06/Karins-Kuchenschmiede.jpg";"<ALT LEER>"
"seiten";"https://www.deinbier-allgaeu.de/news/";"https://www.deinbier-allgaeu.de/wp-content/uploads/2026/06/Logo-DeinBier-1024x1024.jpg";"<ALT LEER>"
"seiten";"https://www.deinbier-allgaeu.de/news/";"https://www.deinbier-allgaeu.de/wp-content/uploads/2026/06/Logo-sechseck_250.png";"<ALT LEER>"
"seiten";"https://www.deinbier-allgaeu.de/news/";"https://www.deinbier-allgaeu.de/wp-content/uploads/2026/06/Montage_Bierflasche-Weizen-684x1024.png";"<ALT LEER>"
"seiten";"https://www.deinbier-allgaeu.de/news/";"https://www.deinbier-allgaeu.de/wp-content/uploads/2026/06/SSM-Logo_weiss-659x1024.png";"<ALT LEER>"
"seiten";"https://www.deinbier-allgaeu.de/news/";"https://www.deinbier-allgaeu.de/wp-content/uploads/2026/06/Wild-Schick-1024x946.png";"<ALT LEER>"
"seiten";"https://www.deinbier-allgaeu.de/news/";"https://www.deinbier-allgaeu.de/wp-content/uploads/2026/07/DSC_4172-1080x675.jpg";"10 Jahre DEIN BIER"
"seiten";"https://www.deinbier-allgaeu.de/unsere-biere/";"https://www.deinbier-allgaeu.de/wp-content/uploads/2021/03/Bock-rund.png";"Logo Bockbier"
"seiten";"https://www.deinbier-allgaeu.de/unsere-biere/";"https://www.deinbier-allgaeu.de/wp-content/uploads/2022/01/Bierflasche-Bock-600.png";"16er Bierkiste Klosterkeller"
"seiten";"https://www.deinbier-allgaeu.de/unsere-biere/";"https://www.deinbier-allgaeu.de/wp-content/uploads/2022/01/Bierflasche-Festbier-600.png";"16er Bierkiste Klosterkeller"
"seiten";"https://www.deinbier-allgaeu.de/unsere-biere/";"https://www.deinbier-allgaeu.de/wp-content/uploads/2022/01/Bierflasche-Klosterkeller-600.png";"16er Bierkiste Klosterkeller"
"seiten";"https://www.deinbier-allgaeu.de/unsere-biere/";"https://www.deinbier-allgaeu.de/wp-content/uploads/2022/01/Bierflasche-Weizen-600.png";"16er Bierkiste Klosterkeller"
"seiten";"https://www.deinbier-allgaeu.de/unsere-biere/";"https://www.deinbier-allgaeu.de/wp-content/uploads/2022/01/Rund-Festbier.png";"Logo Bockbier"
"seiten";"https://www.deinbier-allgaeu.de/unsere-biere/";"https://www.deinbier-allgaeu.de/wp-content/uploads/2022/01/Rund-Hell.png";"<ALT LEER>"
"seiten";"https://www.deinbier-allgaeu.de/unsere-biere/";"https://www.deinbier-allgaeu.de/wp-content/uploads/2022/01/Rund-Klosterkeller.png";"<ALT LEER>"
"seiten";"https://www.deinbier-allgaeu.de/unsere-biere/";"https://www.deinbier-allgaeu.de/wp-content/uploads/2022/01/Rund-Weizen.png";"<ALT LEER>"
"seiten";"https://www.deinbier-allgaeu.de/unsere-biere/";"https://www.deinbier-allgaeu.de/wp-content/uploads/2022/02/Bierflasche-Helles-600a.png";"DEIN BIER, Hausen 3, 87665 Mauerstetten"
"seiten";"https://www.deinbier-allgaeu.de/unsere-biere/";"https://www.deinbier-allgaeu.de/wp-content/uploads/2022/02/Holzkiste_Bockbier-1.png";"Mit speziellen Malzen gebraut, glänzt unser heller Bock goldbraun aus dem Glas und krönt sich mit einem kräftigen Schaum."
"seiten";"https://www.deinbier-allgaeu.de/unsere-biere/";"https://www.deinbier-allgaeu.de/wp-content/uploads/2022/02/Holzkiste_Festbier.png";"Bestes Röstmalz verleiht dem Bier sein bernsteinfarbenes Aussehen und sein malzig karamelliges Aroma."
"seiten";"https://www.deinbier-allgaeu.de/unsere-biere/";"https://www.deinbier-allgaeu.de/wp-content/uploads/2022/02/Holzkiste_Hell.png";"Abgerundet durch dreimalige Hopfenzugabe, entsteht ein frisch prikelndes Helles Bier"
"seiten";"https://www.deinbier-allgaeu.de/unsere-biere/";"https://www.deinbier-allgaeu.de/wp-content/uploads/2022/02/Holzkiste_Klosterkeller.png";"Malzaromatisch mit einem feinen Hopfenbitter, ein prikelndes Erlebnis wie aus dem Klosterkeller."
"seiten";"https://www.deinbier-allgaeu.de/unsere-biere/";"https://www.deinbier-allgaeu.de/wp-content/uploads/2022/02/Holzkiste_Weizen.png";"Würzig, spritzig, fein prickelnd liegt es am Gaumen es bleibt ein feiner zitroniger Nachtrunk am Gaumen"
"seiten";"https://www.deinbier-allgaeu.de/unsere-biere/weitere-produkte/";"https://www.deinbier-allgaeu.de/wp-content/uploads/2021/03/Bruier-Fuier.png";"<ALT LEER>"
"seiten";"https://www.deinbier-allgaeu.de/unsere-biere/weitere-produkte/";"https://www.deinbier-allgaeu.de/wp-content/uploads/2022/01/Bierlikoer1.png";"Bierlikör"
"seiten";"https://www.deinbier-allgaeu.de/unsere-biere/weitere-produkte/";"https://www.deinbier-allgaeu.de/wp-content/uploads/2022/01/Geschenk-Korb1.png";"Geschenkkörbe mit Verschiedenen Füllungen"
"seiten";"https://www.deinbier-allgaeu.de/unsere-biere/weitere-produkte/";"https://www.deinbier-allgaeu.de/wp-content/uploads/2022/01/Malzgelee.png";"Malzgelee"
"seiten";"https://www.deinbier-allgaeu.de/unsere-biere/weitere-produkte/";"https://www.deinbier-allgaeu.de/wp-content/uploads/2022/02/gluehbi.png";"GLÜHBI"
"seiten";"https://www.deinbier-allgaeu.de/unsere-biere/weitere-produkte/";"https://www.deinbier-allgaeu.de/wp-content/uploads/2022/02/winterzicke.png";"Winterzicke"
"termine";"https://www.deinbier-allgaeu.de/terminkalender/biergarten-2/";"https://www.deinbier-allgaeu.de/wp-content/uploads/2025/06/Biergarten-Juni-2025-300x295.jpg";"<ALT LEER>"
"termine";"https://www.deinbier-allgaeu.de/terminkalender/biergarten/";"https://www.deinbier-allgaeu.de/wp-content/uploads/2023/05/DSC_2223-199x300.jpg";"<ALT LEER>"
"termine";"https://www.deinbier-allgaeu.de/terminkalender/brauseminar-2/";"https://www.deinbier-allgaeu.de/wp-content/uploads/2022/02/Brauen_auswaerts_1-1080x675.jpeg";"Dein Bier Brauseminar bei Euch Zuhause"
"termine";"https://www.deinbier-allgaeu.de/terminkalender/brauseminar/";"https://www.deinbier-allgaeu.de/wp-content/uploads/2022/02/Brauen_auswaerts_1-1080x675.jpeg";"Dein Bier Brauseminar bei Euch Zuhause"
"termine";"https://www.deinbier-allgaeu.de/terminkalender/oeffentliches-brauseminar-13/";"https://www.deinbier-allgaeu.de/wp-content/uploads/2022/01/brausud1-1080x675.jpg";"Nach dem abläutern wird der Hopfen zugesetzt"
"termine";"https://www.deinbier-allgaeu.de/terminkalender/oeffentliches-brauseminar-14/";"https://www.deinbier-allgaeu.de/wp-content/uploads/2022/02/Brauseminar_1-1080x675.jpg";"Gemeinsames Bierbrauen mit Freunden"
"termine";"https://www.deinbier-allgaeu.de/terminkalender/oeffentliches-brauseminar-16/";"https://www.deinbier-allgaeu.de/wp-content/uploads/2022/01/ansatz-1080x675.jpg";"Hier wird das Malzschrot im Maischebottich mit Wasser vermischt und alles erhitzt."
"termine";"https://www.deinbier-allgaeu.de/terminkalender/oeffentliches-brauseminar-17/";"https://www.deinbier-allgaeu.de/wp-content/uploads/2022/02/Brauseminar_2-1080x675.jpg";"Gemeinsames Bierbrauen mit Freunden"
"termine";"https://www.deinbier-allgaeu.de/terminkalender/oeffentliches-brauseminar-19/";"https://www.deinbier-allgaeu.de/wp-content/uploads/2022/01/malz_offen-1080x675.jpg";"Bevor der Brausud angesetzt wird muss das Malz geschrotet werden"
"termine";"https://www.deinbier-allgaeu.de/terminkalender/oeffentliches-brauseminar-2/";"https://www.deinbier-allgaeu.de/wp-content/uploads/2022/07/Brauseminar-1.jpg";"Brauseminar"
"termine";"https://www.deinbier-allgaeu.de/terminkalender/oeffentliches-brauseminar-5/";"https://www.deinbier-allgaeu.de/wp-content/uploads/2022/02/Brauseminar_2-1080x675.jpg";"Gemeinsames Bierbrauen mit Freunden"
"termine";"https://www.deinbier-allgaeu.de/terminkalender/oeffentliches-brauseminar/";"https://www.deinbier-allgaeu.de/wp-content/uploads/2022/07/Brauseminar-1.jpg";"Brauseminar"
