"typ";"quelle_url";"linktext";"ziel";"art"
"news";"https://www.deinbier-allgaeu.de/adventsmaerkte/";"(https://advent.frankenried.info/)";"https://advent.frankenried.info/";"extern"
"news";"https://www.deinbier-allgaeu.de/endlich-wieder-eigenes-bier-brauen-lernen/";"Brauscheune Hausen";"https://www.deinbier-allgaeu.de/brauseminar-2/";"intern"
"news";"https://www.deinbier-allgaeu.de/oeffentliches-brauseminar/";"Brauscheune Hausen";"https://www.deinbier-allgaeu.de/brauseminar-2/";"intern"
"seiten";"https://www.deinbier-allgaeu.de/";"";"https://www.deinbier-allgaeu.de/ferienwohnung/";"intern"
"seiten";"https://www.deinbier-allgaeu.de/";"";"https://www.deinbier-allgaeu.de/wp-content/uploads/2021/03/DSC_1784.png";"intern"
"seiten";"https://www.deinbier-allgaeu.de/";"";"https://www.deinbier-allgaeu.de/wp-content/uploads/2021/03/Etikette-Dorfladen-Waal.jpg";"intern"
"seiten";"https://www.deinbier-allgaeu.de/";"";"https://www.deinbier-allgaeu.de/wp-content/uploads/2021/03/Etikette-Hochzeitsbier.jpg";"intern"
"seiten";"https://www.deinbier-allgaeu.de/";"";"https://www.deinbier-allgaeu.de/wp-content/uploads/2021/03/Etikette-Michelin.jpg";"intern"
"seiten";"https://www.deinbier-allgaeu.de/";"";"https://www.deinbier-allgaeu.de/wp-content/uploads/2021/03/Etikette-Stockheimer.jpg";"intern"
"seiten";"https://www.deinbier-allgaeu.de/";"";"https://www.deinbier-allgaeu.de/wp-content/uploads/2021/03/Garnitur.png";"intern"
"seiten";"https://www.deinbier-allgaeu.de/";"";"https://www.deinbier-allgaeu.de/wp-content/uploads/2022/01/bierkruege.jpg";"intern"
"seiten";"https://www.deinbier-allgaeu.de/";"";"https://www.deinbier-allgaeu.de/wp-content/uploads/2022/02/grill.jpg";"intern"
"seiten";"https://www.deinbier-allgaeu.de/";"10 Jahre DEIN BIER";"https://www.deinbier-allgaeu.de/10-jahre-dein-bier/";"intern"
"seiten";"https://www.deinbier-allgaeu.de/";"Anfrage Veranstaltung";"https://www.deinbier-allgaeu.de/events-service/anfrage-veranstaltung/";"intern"
"seiten";"https://www.deinbier-allgaeu.de/";"Das kleine Fässchen";"https://www.deinbier-allgaeu.de/das-kleine-faesschen/";"intern"
"seiten";"https://www.deinbier-allgaeu.de/";"Dorfladen";"https://dorfladen-waal.de/";"extern"
"seiten";"https://www.deinbier-allgaeu.de/";"Drexel";"https://www.edeka.de/eh/s%C3%BCdbayern/edeka-drexel-reutweg-2/index.jsp";"extern"
"seiten";"https://www.deinbier-allgaeu.de/";"Edeka";"https://www.edeka.de/eh/s%C3%BCdbayern/edeka-drexel-reutweg-2/index.jsp";"extern"
"seiten";"https://www.deinbier-allgaeu.de/";"Erfahre mehr oder einen Termin buchen";"https://www.deinbier-allgaeu.de/brauseminar-2/";"intern"
"seiten";"https://www.deinbier-allgaeu.de/";"Erzabtei St. Ottilien";"https://erzabtei.de/hofladen/";"extern"
"seiten";"https://www.deinbier-allgaeu.de/";"Hier finden Ihr weitere Informationen über unser Leihinventar";"https://www.deinbier-allgaeu.de/events-service/leihinventar/";"intern"
"seiten";"https://www.deinbier-allgaeu.de/";"Hofladen";"https://erzabtei.de/hofladen/";"extern"
"seiten";"https://www.deinbier-allgaeu.de/";"Landmarkt";"https://www.stockheimer-landmarkt.de/";"extern"
"seiten";"https://www.deinbier-allgaeu.de/";"Lesen Sie mehr";"https://www.deinbier-allgaeu.de/10-jahre-dein-bier/";"intern"
"seiten";"https://www.deinbier-allgaeu.de/";"Lesen Sie mehr";"https://www.deinbier-allgaeu.de/das-kleine-faesschen/";"intern"
"seiten";"https://www.deinbier-allgaeu.de/";"Lesen Sie mehr";"https://www.deinbier-allgaeu.de/weizenbier-ist-wieder-da/";"intern"
"seiten";"https://www.deinbier-allgaeu.de/";"mehr über uns";"https://www.deinbier-allgaeu.de/home/ueber-uns/";"intern"
"seiten";"https://www.deinbier-allgaeu.de/";"Reisach Früchtegarten in Mauerstetten";"https://www.reisach-fruechtegarten.de/";"extern"
"seiten";"https://www.deinbier-allgaeu.de/";"Stockheimer";"https://www.stockheimer-landmarkt.de/";"extern"
"seiten";"https://www.deinbier-allgaeu.de/";"Unsere Biere";"https://www.deinbier-allgaeu.de/unsere-biere/";"intern"
"seiten";"https://www.deinbier-allgaeu.de/";"Waal";"https://dorfladen-waal.de/";"extern"
"seiten";"https://www.deinbier-allgaeu.de/";"Weitere Verkaufstellen";"https://www.deinbier-allgaeu.de/unsere-verkaufstellen/";"intern"
"seiten";"https://www.deinbier-allgaeu.de/";"Weizenbier ist wieder da";"https://www.deinbier-allgaeu.de/weizenbier-ist-wieder-da/";"intern"
"seiten";"https://www.deinbier-allgaeu.de/";"zu den weiteren Produkten";"https://www.deinbier-allgaeu.de/unsere-biere/weitere-produkte/";"intern"
"seiten";"https://www.deinbier-allgaeu.de/";"zur Anfrage";"https://www.deinbier-allgaeu.de/events-service/anfrage-verleihinventar/";"intern"
"seiten";"https://www.deinbier-allgaeu.de/1523-2/";"";"https://www.deinbier-allgaeu.de/10-jahre-dein-bier/";"intern"
"seiten";"https://www.deinbier-allgaeu.de/1523-2/";"";"https://www.deinbier-allgaeu.de/bock-auf-bock-2/";"intern"
"seiten";"https://www.deinbier-allgaeu.de/1523-2/";"";"https://www.deinbier-allgaeu.de/das-beste-zum-feste/";"intern"
"seiten";"https://www.deinbier-allgaeu.de/1523-2/";"";"https://www.deinbier-allgaeu.de/das-kleine-faesschen/";"intern"
"seiten";"https://www.deinbier-allgaeu.de/1523-2/";"";"https://www.deinbier-allgaeu.de/genussbiergartenzeit/";"intern"
"seiten";"https://www.deinbier-allgaeu.de/1523-2/";"";"https://www.deinbier-allgaeu.de/hurra-unser-festbier-ist-da/";"intern"
"seiten";"https://www.deinbier-allgaeu.de/1523-2/";"";"https://www.deinbier-allgaeu.de/starkbierfest-in-der-brauscheune-in-hausen/";"intern"
"seiten";"https://www.deinbier-allgaeu.de/1523-2/";"";"https://www.deinbier-allgaeu.de/termine-oeffentliche-brauseminare-1-halbjahr-2026/";"intern"
"seiten";"https://www.deinbier-allgaeu.de/1523-2/";"";"https://www.deinbier-allgaeu.de/weizenbier-ist-wieder-da/";"intern"
"seiten";"https://www.deinbier-allgaeu.de/1523-2/";"« Ältere Einträge";"https://www.deinbier-allgaeu.de/1523-2/page/2/?et_blog";"intern"
"seiten";"https://www.deinbier-allgaeu.de/1523-2/";"10 Jahre DEIN BIER";"https://www.deinbier-allgaeu.de/10-jahre-dein-bier/";"intern"
"seiten";"https://www.deinbier-allgaeu.de/1523-2/";"Bock auf Bock?";"https://www.deinbier-allgaeu.de/bock-auf-bock-2/";"intern"
"seiten";"https://www.deinbier-allgaeu.de/1523-2/";"Brauseminare 2026";"https://www.deinbier-allgaeu.de/brauseminare-2026/";"intern"
"seiten";"https://www.deinbier-allgaeu.de/1523-2/";"Das Beste zum Feste";"https://www.deinbier-allgaeu.de/das-beste-zum-feste/";"intern"
"seiten";"https://www.deinbier-allgaeu.de/1523-2/";"Das kleine Fässchen";"https://www.deinbier-allgaeu.de/das-kleine-faesschen/";"intern"
"seiten";"https://www.deinbier-allgaeu.de/1523-2/";"Genussbiergartenzeit";"https://www.deinbier-allgaeu.de/genussbiergartenzeit/";"intern"
"seiten";"https://www.deinbier-allgaeu.de/1523-2/";"Hurra unser Festbier ist da!";"https://www.deinbier-allgaeu.de/hurra-unser-festbier-ist-da/";"intern"
"seiten";"https://www.deinbier-allgaeu.de/1523-2/";"Starkbierfest in der Brauscheune in Hausen";"https://www.deinbier-allgaeu.de/starkbierfest-in-der-brauscheune-in-hausen/";"intern"
"seiten";"https://www.deinbier-allgaeu.de/1523-2/";"Termine öffentliche Brauseminare 1. Halbjahr 2026";"https://www.deinbier-allgaeu.de/termine-oeffentliche-brauseminare-1-halbjahr-2026/";"intern"
"seiten";"https://www.deinbier-allgaeu.de/1523-2/";"Weizenbier ist wieder da";"https://www.deinbier-allgaeu.de/weizenbier-ist-wieder-da/";"intern"
"seiten";"https://www.deinbier-allgaeu.de/brauseminar-2/";"";"https://www.deinbier-allgaeu.de/wp-content/uploads/2021/03/Brauerei-Mobil.jpg";"intern"
"seiten";"https://www.deinbier-allgaeu.de/brauseminar-2/";"";"https://www.deinbier-allgaeu.de/wp-content/uploads/2021/04/Etikette-Bartaxt.jpg";"intern"
"seiten";"https://www.deinbier-allgaeu.de/brauseminar-2/";"";"https://www.deinbier-allgaeu.de/wp-content/uploads/2021/04/Etikette-Kraftstoff.jpg";"intern"
"seiten";"https://www.deinbier-allgaeu.de/brauseminar-2/";"";"https://www.deinbier-allgaeu.de/wp-content/uploads/2021/04/Etikette-Physio.jpg";"intern"
"seiten";"https://www.deinbier-allgaeu.de/brauseminar-2/";"";"https://www.deinbier-allgaeu.de/wp-content/uploads/2022/01/ablaeutern.jpg";"intern"
"seiten";"https://www.deinbier-allgaeu.de/brauseminar-2/";"";"https://www.deinbier-allgaeu.de/wp-content/uploads/2022/01/ansatz.jpg";"intern"
"seiten";"https://www.deinbier-allgaeu.de/brauseminar-2/";"";"https://www.deinbier-allgaeu.de/wp-content/uploads/2022/01/hopfen.jpg";"intern"
"seiten";"https://www.deinbier-allgaeu.de/brauseminar-2/";"";"https://www.deinbier-allgaeu.de/wp-content/uploads/2022/01/hopfen1.jpg";"intern"
"seiten";"https://www.deinbier-allgaeu.de/brauseminar-2/";"";"https://www.deinbier-allgaeu.de/wp-content/uploads/2022/01/sud1.jpg";"intern"
"seiten";"https://www.deinbier-allgaeu.de/brauseminar-2/";"";"https://www.deinbier-allgaeu.de/wp-content/uploads/2022/01/sud2.jpg";"intern"
"seiten";"https://www.deinbier-allgaeu.de/brauseminar-2/";"";"https://www.deinbier-allgaeu.de/wp-content/uploads/2022/01/sud3.jpg";"intern"
"seiten";"https://www.deinbier-allgaeu.de/brauseminar-2/";"";"https://www.deinbier-allgaeu.de/wp-content/uploads/2022/01/tank.jpg";"intern"
"seiten";"https://www.deinbier-allgaeu.de/brauseminar-2/";"";"https://www.deinbier-allgaeu.de/wp-content/uploads/2022/01/treber.jpg";"intern"
"seiten";"https://www.deinbier-allgaeu.de/brauseminar-2/";"";"https://www.deinbier-allgaeu.de/wp-content/uploads/2022/02/Brauen_auswaerts_1.jpeg";"intern"
"seiten";"https://www.deinbier-allgaeu.de/brauseminar-2/";"";"https://www.deinbier-allgaeu.de/wp-content/uploads/2022/02/Brauen_auswaerts_2.jpeg";"intern"
"seiten";"https://www.deinbier-allgaeu.de/brauseminar-2/";"";"https://www.deinbier-allgaeu.de/wp-content/uploads/2022/02/Brauseminar_1.jpg";"intern"
"seiten";"https://www.deinbier-allgaeu.de/brauseminar-2/";"";"https://www.deinbier-allgaeu.de/wp-content/uploads/2022/02/Brauseminar_2.jpg";"intern"
"seiten";"https://www.deinbier-allgaeu.de/brauseminar-2/";"";"https://www.deinbier-allgaeu.de/wp-content/uploads/2022/02/Brauseminar_3.jpg";"intern"
"seiten";"https://www.deinbier-allgaeu.de/brauseminar-2/";"";"https://www.deinbier-allgaeu.de/wp-content/uploads/2022/02/Brauseminar_4.jpg";"intern"
"seiten";"https://www.deinbier-allgaeu.de/brauseminar-2/";"Hier geht es zu den Terminen";"https://www.deinbier-allgaeu.de/termine-brauseminare/";"intern"
"seiten";"https://www.deinbier-allgaeu.de/events-service/";"";"/events-service/?mo=6&#038;yr=2026";"intern"
"seiten";"https://www.deinbier-allgaeu.de/events-service/";"";"/events-service/?mo=8&#038;yr=2026";"intern"
"seiten";"https://www.deinbier-allgaeu.de/events-service/leihinventar/";"";"https://www.deinbier-allgaeu.de/wp-content/uploads/2022/02/pavillion.jpg";"intern"
"seiten";"https://www.deinbier-allgaeu.de/events-service/leihinventar/";"Preisliste Leihinventar";"https://www.deinbier-allgaeu.de/wp-content/uploads/2022/02/Preisliste-Leihinventar.pdf";"intern"
"seiten";"https://www.deinbier-allgaeu.de/ferienwohnung/";"";"https://www.blauergockel.de/";"extern"
"seiten";"https://www.deinbier-allgaeu.de/ferienwohnung/";"";"https://www.deinbier-allgaeu.de/wp-content/uploads/2023/03/eroeffnung-wdg_2.jpg";"intern"
"seiten";"https://www.deinbier-allgaeu.de/ferienwohnung/";"";"https://www.xn--allguer-genussmacher-ezb.de/de/index.html";"extern"
"seiten";"https://www.deinbier-allgaeu.de/ferienwohnung/";"Weiter Infos";"https://www.deinbier-allgaeu.de/ferienwohnung/1785-2/";"intern"
"seiten";"https://www.deinbier-allgaeu.de/ferienwohnung/1785-2/";"";"https://www.deinbier-allgaeu.de/wp-content/uploads/2023/03/eroeffnung-wdg_16.jpg";"intern"
"seiten";"https://www.deinbier-allgaeu.de/ferienwohnung/1785-2/";"";"https://www.deinbier-allgaeu.de/wp-content/uploads/2023/03/eroeffnung-wdg_17.jpg";"intern"
"seiten";"https://www.deinbier-allgaeu.de/ferienwohnung/1785-2/";"";"https://www.deinbier-allgaeu.de/wp-content/uploads/2023/03/eroeffnung-wdg_18.jpg";"intern"
"seiten";"https://www.deinbier-allgaeu.de/ferienwohnung/1785-2/";"";"https://www.deinbier-allgaeu.de/wp-content/uploads/2023/03/eroeffnung-wdg_20.jpg";"intern"
"seiten";"https://www.deinbier-allgaeu.de/ferienwohnung/1785-2/";"";"https://www.deinbier-allgaeu.de/wp-content/uploads/2023/03/eroeffnung-wdg_21.jpg";"intern"
"seiten";"https://www.deinbier-allgaeu.de/ferienwohnung/1785-2/";"";"https://www.deinbier-allgaeu.de/wp-content/uploads/2023/03/eroeffnung-wdg_22.jpg";"intern"
"seiten";"https://www.deinbier-allgaeu.de/ferienwohnung/1785-2/";"";"https://www.deinbier-allgaeu.de/wp-content/uploads/2023/03/eroeffnung-wdg_24.jpg";"intern"
"seiten";"https://www.deinbier-allgaeu.de/ferienwohnung/1785-2/";"";"https://www.deinbier-allgaeu.de/wp-content/uploads/2023/03/eroeffnung-wdg_27.jpg";"intern"
"seiten";"https://www.deinbier-allgaeu.de/ferienwohnung/1785-2/";"";"https://www.deinbier-allgaeu.de/wp-content/uploads/2023/03/eroeffnung-wdg_29.jpg";"intern"
"seiten";"https://www.deinbier-allgaeu.de/ferienwohnung/1785-2/";"";"https://www.deinbier-allgaeu.de/wp-content/uploads/2023/03/eroeffnung-wdg_32.jpg";"intern"
"seiten";"https://www.deinbier-allgaeu.de/ferienwohnung/1785-2/";"";"https://www.deinbier-allgaeu.de/wp-content/uploads/2023/03/eroeffnung-wdg_33.jpg";"intern"
"seiten";"https://www.deinbier-allgaeu.de/ferienwohnung/1785-2/";"";"https://www.deinbier-allgaeu.de/wp-content/uploads/2023/03/eroeffnung-wdg_36.jpg";"intern"
"seiten";"https://www.deinbier-allgaeu.de/ferienwohnung/1785-2/";"AGB Download";"https://www.deinbier-allgaeu.de/wp-content/uploads/2023/03/Allgemeine-Geschaeftsbedingungen-Ferienwohnung.pdf";"intern"
"seiten";"https://www.deinbier-allgaeu.de/ferienwohnung/1785-2/";"Buchungsanfrage";"https://www.deinbier-allgaeu.de/ferienwohnung/1813-2/";"intern"
"seiten";"https://www.deinbier-allgaeu.de/home/datenschutzvereinbarungen/";"All-inkl.com";"https://all-inkl.com/";"extern"
"seiten";"https://www.deinbier-allgaeu.de/home/datenschutzvereinbarungen/";"Google reCaptcha";"https://www.google.com/recaptcha/intro/v3.html";"extern"
"seiten";"https://www.deinbier-allgaeu.de/home/datenschutzvereinbarungen/";"hier";"https://ec.europa.eu/justice/article-29/structure/data-protection-authorities/index_en.htm";"extern"
"seiten";"https://www.deinbier-allgaeu.de/home/datenschutzvereinbarungen/";"info@deinbier-allgaeu.de";"mailto:info@deinbier-allgaeu.de";"intern"
"seiten";"https://www.deinbier-allgaeu.de/home/impressum/";"info@deinbier-allgaeu.de";"mailto:info@deinbier-allgaeu.de";"intern"
"seiten";"https://www.deinbier-allgaeu.de/home/ueber-uns/";"";"https://www.deinbier-allgaeu.de/wp-content/uploads/2022/01/anlieferung1.jpg";"intern"
"seiten";"https://www.deinbier-allgaeu.de/home/ueber-uns/";"";"https://www.deinbier-allgaeu.de/wp-content/uploads/2022/01/anlieferung2.jpg";"intern"
"seiten";"https://www.deinbier-allgaeu.de/home/ueber-uns/";"";"https://www.deinbier-allgaeu.de/wp-content/uploads/2022/01/anlieferung3.jpg";"intern"
"seiten";"https://www.deinbier-allgaeu.de/home/ueber-uns/";"";"https://www.deinbier-allgaeu.de/wp-content/uploads/2022/01/anlieferung4.jpg";"intern"
"seiten";"https://www.deinbier-allgaeu.de/home/ueber-uns/";"";"https://www.deinbier-allgaeu.de/wp-content/uploads/2022/01/anlieferung5.jpg";"intern"
"seiten";"https://www.deinbier-allgaeu.de/home/ueber-uns/";"";"https://www.deinbier-allgaeu.de/wp-content/uploads/2022/01/brausud.jpg";"intern"
"seiten";"https://www.deinbier-allgaeu.de/home/ueber-uns/";"";"https://www.deinbier-allgaeu.de/wp-content/uploads/2022/01/brausud1.jpg";"intern"
"seiten";"https://www.deinbier-allgaeu.de/home/ueber-uns/";"";"https://www.deinbier-allgaeu.de/wp-content/uploads/2022/01/lagerung.jpg";"intern"
"seiten";"https://www.deinbier-allgaeu.de/home/ueber-uns/";"";"https://www.deinbier-allgaeu.de/wp-content/uploads/2022/01/lagerung1.jpg";"intern"
"seiten";"https://www.deinbier-allgaeu.de/home/ueber-uns/";"";"https://www.deinbier-allgaeu.de/wp-content/uploads/2022/01/malz_offen.jpg";"intern"
"seiten";"https://www.deinbier-allgaeu.de/home/ueber-uns/";"";"https://www.deinbier-allgaeu.de/wp-content/uploads/2022/01/malz_sack.jpg";"intern"
"seiten";"https://www.deinbier-allgaeu.de/home/ueber-uns/";"";"https://www.deinbier-allgaeu.de/wp-content/uploads/2022/01/malz-sack_hoch.jpg";"intern"
"seiten";"https://www.deinbier-allgaeu.de/news/";"";"https://www.deinbier-allgaeu.de/10-jahre-dein-bier/";"intern"
"seiten";"https://www.deinbier-allgaeu.de/news/";"";"https://www.deinbier-allgaeu.de/bock-auf-bock-2/";"intern"
"seiten";"https://www.deinbier-allgaeu.de/news/";"";"https://www.deinbier-allgaeu.de/das-beste-zum-feste/";"intern"
"seiten";"https://www.deinbier-allgaeu.de/news/";"";"https://www.deinbier-allgaeu.de/das-kleine-faesschen/";"intern"
"seiten";"https://www.deinbier-allgaeu.de/news/";"";"https://www.deinbier-allgaeu.de/genussbiergartenzeit/";"intern"
"seiten";"https://www.deinbier-allgaeu.de/news/";"";"https://www.deinbier-allgaeu.de/hurra-unser-festbier-ist-da/";"intern"
"seiten";"https://www.deinbier-allgaeu.de/news/";"";"https://www.deinbier-allgaeu.de/starkbierfest-in-der-brauscheune-in-hausen/";"intern"
"seiten";"https://www.deinbier-allgaeu.de/news/";"";"https://www.deinbier-allgaeu.de/termine-oeffentliche-brauseminare-1-halbjahr-2026/";"intern"
"seiten";"https://www.deinbier-allgaeu.de/news/";"";"https://www.deinbier-allgaeu.de/weizenbier-ist-wieder-da/";"intern"
"seiten";"https://www.deinbier-allgaeu.de/news/";"« Ältere Einträge";"https://www.deinbier-allgaeu.de/news/page/2/";"intern"
"seiten";"https://www.deinbier-allgaeu.de/news/";"10 Jahre DEIN BIER";"https://www.deinbier-allgaeu.de/10-jahre-dein-bier/";"intern"
"seiten";"https://www.deinbier-allgaeu.de/news/";"Bock auf Bock?";"https://www.deinbier-allgaeu.de/bock-auf-bock-2/";"intern"
"seiten";"https://www.deinbier-allgaeu.de/news/";"Brauseminare 2026";"https://www.deinbier-allgaeu.de/brauseminare-2026/";"intern"
"seiten";"https://www.deinbier-allgaeu.de/news/";"Das Beste zum Feste";"https://www.deinbier-allgaeu.de/das-beste-zum-feste/";"intern"
"seiten";"https://www.deinbier-allgaeu.de/news/";"Das kleine Fässchen";"https://www.deinbier-allgaeu.de/das-kleine-faesschen/";"intern"
"seiten";"https://www.deinbier-allgaeu.de/news/";"Genussbiergartenzeit";"https://www.deinbier-allgaeu.de/genussbiergartenzeit/";"intern"
"seiten";"https://www.deinbier-allgaeu.de/news/";"Hurra unser Festbier ist da!";"https://www.deinbier-allgaeu.de/hurra-unser-festbier-ist-da/";"intern"
"seiten";"https://www.deinbier-allgaeu.de/news/";"Starkbierfest in der Brauscheune in Hausen";"https://www.deinbier-allgaeu.de/starkbierfest-in-der-brauscheune-in-hausen/";"intern"
"seiten";"https://www.deinbier-allgaeu.de/news/";"Termine öffentliche Brauseminare 1. Halbjahr 2026";"https://www.deinbier-allgaeu.de/termine-oeffentliche-brauseminare-1-halbjahr-2026/";"intern"
"seiten";"https://www.deinbier-allgaeu.de/news/";"Weizenbier ist wieder da";"https://www.deinbier-allgaeu.de/weizenbier-ist-wieder-da/";"intern"
"seiten";"https://www.deinbier-allgaeu.de/termine-brauseminare/";"E-Mail";"mailto:info@deinbier-allgaeu.de";"intern"
"seiten";"https://www.deinbier-allgaeu.de/termine-brauseminare/";"jetzt Anrufen";"tel:+4915128776077";"intern"
"seiten";"https://www.deinbier-allgaeu.de/unsere-biere/";"";"https://www.deinbier-allgaeu.de/wp-content/uploads/2021/03/Bock-rund.png";"intern"
"seiten";"https://www.deinbier-allgaeu.de/unsere-biere/";"";"https://www.deinbier-allgaeu.de/wp-content/uploads/2022/01/Rund-Festbier.png";"intern"
"seiten";"https://www.deinbier-allgaeu.de/unsere-biere/";"";"https://www.deinbier-allgaeu.de/wp-content/uploads/2022/01/Rund-Hell.png";"intern"
"seiten";"https://www.deinbier-allgaeu.de/unsere-biere/";"";"https://www.deinbier-allgaeu.de/wp-content/uploads/2022/01/Rund-Klosterkeller.png";"intern"
"seiten";"https://www.deinbier-allgaeu.de/unsere-biere/";"";"https://www.deinbier-allgaeu.de/wp-content/uploads/2022/01/Rund-Weizen.png";"intern"
"seiten";"https://www.deinbier-allgaeu.de/unsere-biere/";"";"https://www.deinbier-allgaeu.de/wp-content/uploads/2022/02/Holzkiste_Bockbier-1.png";"intern"
"seiten";"https://www.deinbier-allgaeu.de/unsere-biere/";"";"https://www.deinbier-allgaeu.de/wp-content/uploads/2022/02/Holzkiste_Festbier.png";"intern"
"seiten";"https://www.deinbier-allgaeu.de/unsere-biere/";"";"https://www.deinbier-allgaeu.de/wp-content/uploads/2022/02/Holzkiste_Hell.png";"intern"
"seiten";"https://www.deinbier-allgaeu.de/unsere-biere/";"";"https://www.deinbier-allgaeu.de/wp-content/uploads/2022/02/Holzkiste_Klosterkeller.png";"intern"
"seiten";"https://www.deinbier-allgaeu.de/unsere-biere/";"";"https://www.deinbier-allgaeu.de/wp-content/uploads/2022/02/Holzkiste_Weizen.png";"intern"
"seiten";"https://www.deinbier-allgaeu.de/unsere-biere/weitere-produkte/";"";"https://www.deinbier-allgaeu.de/wp-content/uploads/2021/03/Bruier-Fuier.png";"intern"
"seiten";"https://www.deinbier-allgaeu.de/unsere-biere/weitere-produkte/";"";"https://www.deinbier-allgaeu.de/wp-content/uploads/2022/02/gluehbi.png";"intern"
"seiten";"https://www.deinbier-allgaeu.de/unsere-biere/weitere-produkte/";"";"https://www.deinbier-allgaeu.de/wp-content/uploads/2022/02/winterzicke.png";"intern"
"seiten";"https://www.deinbier-allgaeu.de/unsere-verkaufstellen/";"Anita Guffler Schwabsoier Dorfladen";"https://www.schwabsoien.de/gewerbe/gewerbe-im-ort/dorfladen";"extern"
"seiten";"https://www.deinbier-allgaeu.de/unsere-verkaufstellen/";"Bilderprofi Burg im Buroncenter";"https://www.facebook.com/DerBilderprofi/";"extern"
"seiten";"https://www.deinbier-allgaeu.de/unsere-verkaufstellen/";"Corona Kinoplex Kaufbeuren";"https://corona-kinoplex.de/";"extern"
"seiten";"https://www.deinbier-allgaeu.de/unsere-verkaufstellen/";"Dorfladen Eggenthal";"https://www.dorfladen.eggenthal.de/";"extern"
"seiten";"https://www.deinbier-allgaeu.de/unsere-verkaufstellen/";"Dorfladen Ingenried";"https://www.dorfladen-ingenried.de/";"extern"
"seiten";"https://www.deinbier-allgaeu.de/unsere-verkaufstellen/";"Dorfladen Waal";"https://dorfladen-waal.de/";"extern"
"seiten";"https://www.deinbier-allgaeu.de/unsere-verkaufstellen/";"Edeka Dexel";"https://www.edeka.de/eh/s%C3%BCdbayern/edeka-drexel-reutweg-2/index.jsp";"extern"
"seiten";"https://www.deinbier-allgaeu.de/unsere-verkaufstellen/";"Ferienwohnung am Wiesenweg, in Frankenried";"https://www.hotelgasthof-schwanen.de/de/ferienwohnung-allgaeu.html";"extern"
"seiten";"https://www.deinbier-allgaeu.de/unsere-verkaufstellen/";"Getränkemarkt Hoetzl, Buchloe";"https://www.getraenke-hoetzl.de/";"extern"
"seiten";"https://www.deinbier-allgaeu.de/unsere-verkaufstellen/";"Hofladen Erzabtei St. Ottilien";"https://erzabtei.de/hofladen";"extern"
"seiten";"https://www.deinbier-allgaeu.de/unsere-verkaufstellen/";"Reinspaziert";"https://www.reinspaziert.eu/";"extern"
"seiten";"https://www.deinbier-allgaeu.de/unsere-verkaufstellen/";"Reisach Früchtegarten in Mauerstetten";"https://www.reisach-fruechtegarten.de/";"extern"
"seiten";"https://www.deinbier-allgaeu.de/unsere-verkaufstellen/";"Rosis Getränkemarkt in Frankenhofen";"https://www.kaeswerkstatt.de/kaeserei";"extern"
"seiten";"https://www.deinbier-allgaeu.de/unsere-verkaufstellen/";"Stockheimer Landmarkt";"https://www.stockheimer-landmarkt.de/";"extern"
"seiten";"https://www.deinbier-allgaeu.de/unsere-verkaufstellen/";"Unikate Kerstins Bastelkiste Steinholz";"https://www.kerstinsbastelkiste.de/";"extern"
"seiten";"https://www.deinbier-allgaeu.de/veranstaltungen/";"";"/veranstaltungen/?mo=6&#038;yr=2026";"intern"
"seiten";"https://www.deinbier-allgaeu.de/veranstaltungen/";"";"/veranstaltungen/?mo=8&#038;yr=2026";"intern"
"seiten";"https://www.deinbier-allgaeu.de/veranstaltungen/kategorien/";"Biergarten";"https://www.deinbier-allgaeu.de/events/categories/biergarten/";"intern"
"seiten";"https://www.deinbier-allgaeu.de/veranstaltungen/kategorien/";"Brauseminar";"https://www.deinbier-allgaeu.de/events/categories/brauseminar/";"intern"
"seiten";"https://www.deinbier-allgaeu.de/veranstaltungen/kategorien/";"Markt";"https://www.deinbier-allgaeu.de/events/categories/markt/";"intern"
"seiten";"https://www.deinbier-allgaeu.de/veranstaltungen/kategorien/";"Weitere Informationen";"https://www.deinbier-allgaeu.de/events/categories/biergarten/";"intern"
"seiten";"https://www.deinbier-allgaeu.de/veranstaltungen/kategorien/";"Weitere Informationen";"https://www.deinbier-allgaeu.de/events/categories/brauseminar/";"intern"
"seiten";"https://www.deinbier-allgaeu.de/veranstaltungen/kategorien/";"Weitere Informationen";"https://www.deinbier-allgaeu.de/events/categories/markt/";"intern"
"seiten";"https://www.deinbier-allgaeu.de/veranstaltungen/meine-buchungen/";"anmelden";"https://www.deinbier-allgaeu.de/blasius/?redirect_to=https://www.deinbier-allgaeu.de/veranstaltungen/meine-buchungen/";"intern"
"seiten";"https://www.deinbier-allgaeu.de/veranstaltungen/schlagwoerter/";"Bier";"https://www.deinbier-allgaeu.de/events/tags/bier/";"intern"
"seiten";"https://www.deinbier-allgaeu.de/veranstaltungen/schlagwoerter/";"Brauseminar";"https://www.deinbier-allgaeu.de/events/tags/brauseminar/";"intern"
"seiten";"https://www.deinbier-allgaeu.de/veranstaltungen/schlagwoerter/";"Freunde";"https://www.deinbier-allgaeu.de/events/tags/freunde/";"intern"
"seiten";"https://www.deinbier-allgaeu.de/veranstaltungen/schlagwoerter/";"Herbstmarkt";"https://www.deinbier-allgaeu.de/events/tags/herbstmarkt/";"intern"
"seiten";"https://www.deinbier-allgaeu.de/veranstaltungen/schlagwoerter/";"Seminar";"https://www.deinbier-allgaeu.de/events/tags/seminar/";"intern"
"seiten";"https://www.deinbier-allgaeu.de/veranstaltungen/schlagwoerter/";"Spaß";"https://www.deinbier-allgaeu.de/events/tags/spass/";"intern"
"seiten";"https://www.deinbier-allgaeu.de/veranstaltungen/schlagwoerter/";"Veranstaltung";"https://www.deinbier-allgaeu.de/events/tags/veranstaltung/";"intern"
"seiten";"https://www.deinbier-allgaeu.de/veranstaltungen/schlagwoerter/";"Weitere Informationen";"https://www.deinbier-allgaeu.de/events/tags/bier/";"intern"
"seiten";"https://www.deinbier-allgaeu.de/veranstaltungen/schlagwoerter/";"Weitere Informationen";"https://www.deinbier-allgaeu.de/events/tags/brauseminar/";"intern"
"seiten";"https://www.deinbier-allgaeu.de/veranstaltungen/schlagwoerter/";"Weitere Informationen";"https://www.deinbier-allgaeu.de/events/tags/freunde/";"intern"
"seiten";"https://www.deinbier-allgaeu.de/veranstaltungen/schlagwoerter/";"Weitere Informationen";"https://www.deinbier-allgaeu.de/events/tags/herbstmarkt/";"intern"
"seiten";"https://www.deinbier-allgaeu.de/veranstaltungen/schlagwoerter/";"Weitere Informationen";"https://www.deinbier-allgaeu.de/events/tags/seminar/";"intern"
"seiten";"https://www.deinbier-allgaeu.de/veranstaltungen/schlagwoerter/";"Weitere Informationen";"https://www.deinbier-allgaeu.de/events/tags/spass/";"intern"
"seiten";"https://www.deinbier-allgaeu.de/veranstaltungen/schlagwoerter/";"Weitere Informationen";"https://www.deinbier-allgaeu.de/events/tags/veranstaltung/";"intern"
"termine";"https://www.deinbier-allgaeu.de/terminkalender/adventsmarkt-st-severin/";"Abtei St. Severin";"https://www.deinbier-allgaeu.de/locations/abtei-st-severin/";"intern"
"termine";"https://www.deinbier-allgaeu.de/terminkalender/adventsmarkt-st-severin/";"Brauseminar";"https://www.deinbier-allgaeu.de/events/tags/brauseminar/";"intern"
"termine";"https://www.deinbier-allgaeu.de/terminkalender/adventsmarkt-st-severin/";"Google Kalender";"https://www.google.com/calendar/event?action=TEMPLATE&#038;text=Adventsmarkt+St.+Severin&#038;dates=20221119T093000/20221120T180000&#038;details=Die+Vorweihnachtszeit+in+der+Abtei+St.+Severin+beginnt+mit+dem+Adventsmarkt.dieser+findtet+am+19.11.2022+bis+20.11.2022+statt%26nbsp%3B&#038;location=Eichwald+5%2C+Kaufbeuren%2C+Bayern%2C+87600%2C+Deutschland&#038;trp=false&#038;sprop=https%3A%2F%2Fwww.deinbier-allgaeu.de%2Fterminkalender%2Fadventsmarkt-st-severin%2F&#038;sprop=name:Dein+Bier&#038;ctz=Europe%2FBerlin";"intern"
"termine";"https://www.deinbier-allgaeu.de/terminkalender/adventsmarkt-st-severin/";"iCalendar";"webcal://www.deinbier-allgaeu.de/terminkalender/adventsmarkt-st-severin/ical/";"intern"
"termine";"https://www.deinbier-allgaeu.de/terminkalender/adventsmarkt-st-severin/";"ICS herunterladen";"https://www.deinbier-allgaeu.de/terminkalender/adventsmarkt-st-severin/ical/";"intern"
"termine";"https://www.deinbier-allgaeu.de/terminkalender/adventsmarkt-st-severin/";"Markt";"https://www.deinbier-allgaeu.de/events/categories/markt/";"intern"
"termine";"https://www.deinbier-allgaeu.de/terminkalender/adventsmarkt-st-severin/";"Office 365";"https://outlook.office.com/calendar/0/deeplink/compose?allday=false&#038;body=Die+Vorweihnachtszeit+in+der+Abtei+St.+Severin+beginnt+mit+dem+Adventsmarkt.dieser+findtet+am+19.11.2022+bis+20.11.2022+statt%26nbsp%3B&#038;location=Eichwald+5%2C+Kaufbeuren%2C+Bayern%2C+87600%2C+Deutschland&#038;path=/calendar/action/compose&#038;rru=addevent&#038;startdt=2022-11-19T09%3A30%3A00%2B01%3A00&#038;enddt=2022-11-20T18%3A00%3A00%2B01%3A00&#038;subject=Adventsmarkt+St.+Severin";"extern"
"termine";"https://www.deinbier-allgaeu.de/terminkalender/adventsmarkt-st-severin/";"Outlook Live";"https://outlook.live.com/calendar/0/deeplink/compose?allday=false&#038;body=Die+Vorweihnachtszeit+in+der+Abtei+St.+Severin+beginnt+mit+dem+Adventsmarkt.dieser+findtet+am+19.11.2022+bis+20.11.2022+statt%26nbsp%3B&#038;location=Eichwald+5%2C+Kaufbeuren%2C+Bayern%2C+87600%2C+Deutschland&#038;path=/calendar/action/compose&#038;rru=addevent&#038;startdt=2022-11-19T09%3A30%3A00%2B01%3A00&#038;enddt=2022-11-20T18%3A00%3A00%2B01%3A00&#038;subject=Adventsmarkt+St.+Severin";"extern"
"termine";"https://www.deinbier-allgaeu.de/terminkalender/biergarten-2/";"Biergarten";"https://www.deinbier-allgaeu.de/events/categories/biergarten/";"intern"
"termine";"https://www.deinbier-allgaeu.de/terminkalender/biergarten-2/";"DEIN BIER";"https://www.deinbier-allgaeu.de/locations/dein-bier/";"intern"
"termine";"https://www.deinbier-allgaeu.de/terminkalender/biergarten-2/";"Google Kalender";"https://www.google.com/calendar/event?action=TEMPLATE&#038;text=Biergarten&#038;dates=20250628T160000/20250628T220000&#038;details=&#038;location=Hausen+3%2C+Mauerstetten%2C+Deutschland%2C+87665%2C+Bayern%2C+Deutschland&#038;trp=false&#038;sprop=https%3A%2F%2Fwww.deinbier-allgaeu.de%2Fterminkalender%2Fbiergarten-2%2F&#038;sprop=name:Dein+Bier&#038;ctz=Europe%2FBerlin";"intern"
"termine";"https://www.deinbier-allgaeu.de/terminkalender/biergarten-2/";"iCalendar";"webcal://www.deinbier-allgaeu.de/terminkalender/biergarten-2/ical/";"intern"
"termine";"https://www.deinbier-allgaeu.de/terminkalender/biergarten-2/";"ICS herunterladen";"https://www.deinbier-allgaeu.de/terminkalender/biergarten-2/ical/";"intern"
"termine";"https://www.deinbier-allgaeu.de/terminkalender/biergarten-2/";"Office 365";"https://outlook.office.com/calendar/0/deeplink/compose?allday=false&#038;body=&#038;location=Hausen+3%2C+Mauerstetten%2C+Deutschland%2C+87665%2C+Bayern%2C+Deutschland&#038;path=/calendar/action/compose&#038;rru=addevent&#038;startdt=2025-06-28T16%3A00%3A00%2B02%3A00&#038;enddt=2025-06-28T22%3A00%3A00%2B02%3A00&#038;subject=Biergarten";"extern"
"termine";"https://www.deinbier-allgaeu.de/terminkalender/biergarten-2/";"Outlook Live";"https://outlook.live.com/calendar/0/deeplink/compose?allday=false&#038;body=&#038;location=Hausen+3%2C+Mauerstetten%2C+Deutschland%2C+87665%2C+Bayern%2C+Deutschland&#038;path=/calendar/action/compose&#038;rru=addevent&#038;startdt=2025-06-28T16%3A00%3A00%2B02%3A00&#038;enddt=2025-06-28T22%3A00%3A00%2B02%3A00&#038;subject=Biergarten";"extern"
"termine";"https://www.deinbier-allgaeu.de/terminkalender/biergarten-im-brauereihof/";"Biergarten";"https://www.deinbier-allgaeu.de/events/categories/biergarten/";"intern"
"termine";"https://www.deinbier-allgaeu.de/terminkalender/biergarten-im-brauereihof/";"DEIN BIER";"https://www.deinbier-allgaeu.de/locations/dein-bier/";"intern"
"termine";"https://www.deinbier-allgaeu.de/terminkalender/biergarten-im-brauereihof/";"Google Kalender";"https://www.google.com/calendar/event?action=TEMPLATE&#038;text=Biergarten+im+Brauereihof&#038;dates=20230819T160000/20230819T220000&#038;details=Biergarten+nach+alter+Brauer+Sitte.Wir+stellen+die+Getr%C3%A4nke%2C+Ihr+bringt+Euer+Essen+selber+mit.Ein+Grill+wird+von+uns+gestellt.Nehmt+Euch+ein+paar+Stunden+Auszeit+und+genie%C3%9Ft+den+Tag+bei+wundersch%C3%B6nen+Ambiente.Schnappt+Euch+Eure+Freunde+und+dann+ab+nach+Hausen.&#038;location=Hausen+3%2C+Mauerstetten%2C+Deutschland%2C+87665%2C+Bayern%2C+Deutschland&#038;trp=false&#038;sprop=https%3A%2F%2Fwww.deinbier-allgaeu.de%2Fterminkalender%2Fbiergarten-im-brauereihof%2F&#038;sprop=name:Dein+Bier&#038;ctz=Europe%2FBerlin";"intern"
"termine";"https://www.deinbier-allgaeu.de/terminkalender/biergarten-im-brauereihof/";"iCalendar";"webcal://www.deinbier-allgaeu.de/terminkalender/biergarten-im-brauereihof/ical/";"intern"
"termine";"https://www.deinbier-allgaeu.de/terminkalender/biergarten-im-brauereihof/";"ICS herunterladen";"https://www.deinbier-allgaeu.de/terminkalender/biergarten-im-brauereihof/ical/";"intern"
"termine";"https://www.deinbier-allgaeu.de/terminkalender/biergarten-im-brauereihof/";"Office 365";"https://outlook.office.com/calendar/0/deeplink/compose?allday=false&#038;body=Biergarten+nach+alter+Brauer+Sitte.Wir+stellen+die+Getr%C3%A4nke%2C+Ihr+bringt+Euer+Essen+selber+mit.Ein+Grill+wird+von+uns+gestellt.Nehmt+Euch+ein+paar+Stunden+Auszeit+und+genie%C3%9Ft+den+Tag+bei+wundersch%C3%B6nen+Ambiente.Schnappt+Euch+Eure+Freunde+und+dann+ab+nach+Hausen.&#038;location=Hausen+3%2C+Mauerstetten%2C+Deutschland%2C+87665%2C+Bayern%2C+Deutschland&#038;path=/calendar/action/compose&#038;rru=addevent&#038;startdt=2023-08-19T16%3A00%3A00%2B02%3A00&#038;enddt=2023-08-19T22%3A00%3A00%2B02%3A00&#038;subject=Biergarten+im+Brauereihof";"extern"
"termine";"https://www.deinbier-allgaeu.de/terminkalender/biergarten-im-brauereihof/";"Outlook Live";"https://outlook.live.com/calendar/0/deeplink/compose?allday=false&#038;body=Biergarten+nach+alter+Brauer+Sitte.Wir+stellen+die+Getr%C3%A4nke%2C+Ihr+bringt+Euer+Essen+selber+mit.Ein+Grill+wird+von+uns+gestellt.Nehmt+Euch+ein+paar+Stunden+Auszeit+und+genie%C3%9Ft+den+Tag+bei+wundersch%C3%B6nen+Ambiente.Schnappt+Euch+Eure+Freunde+und+dann+ab+nach+Hausen.&#038;location=Hausen+3%2C+Mauerstetten%2C+Deutschland%2C+87665%2C+Bayern%2C+Deutschland&#038;path=/calendar/action/compose&#038;rru=addevent&#038;startdt=2023-08-19T16%3A00%3A00%2B02%3A00&#038;enddt=2023-08-19T22%3A00%3A00%2B02%3A00&#038;subject=Biergarten+im+Brauereihof";"extern"
"termine";"https://www.deinbier-allgaeu.de/terminkalender/biergarten/";"Biergarten";"https://www.deinbier-allgaeu.de/events/categories/biergarten/";"intern"
"termine";"https://www.deinbier-allgaeu.de/terminkalender/biergarten/";"DEIN BIER";"https://www.deinbier-allgaeu.de/locations/dein-bier/";"intern"
"termine";"https://www.deinbier-allgaeu.de/terminkalender/biergarten/";"Google Kalender";"https://www.google.com/calendar/event?action=TEMPLATE&#038;text=Biergarten&#038;dates=20230729T160000/20230729T220000&#038;details=Biergarten%2C+so+wie+er+fr%C3%BCher+war.+Wir+stellen+die+Getr%C3%A4nke+Ihr+bringt+Euer+Essen+selber+mit%21Ein+Grill+wird+von+uns+gestellt.Wir+freuen+uns+auf+Euer+kommen%21+Packt+die+Picknicksachen+ein+und+dann+ab+mit+den+Freunden+nach+Hausen&#038;location=Hausen+3%2C+Mauerstetten%2C+Deutschland%2C+87665%2C+Bayern%2C+Deutschland&#038;trp=false&#038;sprop=https%3A%2F%2Fwww.deinbier-allgaeu.de%2Fterminkalender%2Fbiergarten%2F&#038;sprop=name:Dein+Bier&#038;ctz=Europe%2FBerlin";"intern"
"termine";"https://www.deinbier-allgaeu.de/terminkalender/biergarten/";"iCalendar";"webcal://www.deinbier-allgaeu.de/terminkalender/biergarten/ical/";"intern"
"termine";"https://www.deinbier-allgaeu.de/terminkalender/biergarten/";"ICS herunterladen";"https://www.deinbier-allgaeu.de/terminkalender/biergarten/ical/";"intern"
"termine";"https://www.deinbier-allgaeu.de/terminkalender/biergarten/";"Office 365";"https://outlook.office.com/calendar/0/deeplink/compose?allday=false&#038;body=Biergarten%2C+so+wie+er+fr%C3%BCher+war.+Wir+stellen+die+Getr%C3%A4nke+Ihr+bringt+Euer+Essen+selber+mit%21Ein+Grill+wird+von+uns+gestellt.Wir+freuen+uns+auf+Euer+kommen%21+Packt+die+Picknicksachen+ein+und+dann+ab+mit+den+Freunden+nach+Hausen&#038;location=Hausen+3%2C+Mauerstetten%2C+Deutschland%2C+87665%2C+Bayern%2C+Deutschland&#038;path=/calendar/action/compose&#038;rru=addevent&#038;startdt=2023-07-29T16%3A00%3A00%2B02%3A00&#038;enddt=2023-07-29T22%3A00%3A00%2B02%3A00&#038;subject=Biergarten";"extern"
"termine";"https://www.deinbier-allgaeu.de/terminkalender/biergarten/";"Outlook Live";"https://outlook.live.com/calendar/0/deeplink/compose?allday=false&#038;body=Biergarten%2C+so+wie+er+fr%C3%BCher+war.+Wir+stellen+die+Getr%C3%A4nke+Ihr+bringt+Euer+Essen+selber+mit%21Ein+Grill+wird+von+uns+gestellt.Wir+freuen+uns+auf+Euer+kommen%21+Packt+die+Picknicksachen+ein+und+dann+ab+mit+den+Freunden+nach+Hausen&#038;location=Hausen+3%2C+Mauerstetten%2C+Deutschland%2C+87665%2C+Bayern%2C+Deutschland&#038;path=/calendar/action/compose&#038;rru=addevent&#038;startdt=2023-07-29T16%3A00%3A00%2B02%3A00&#038;enddt=2023-07-29T22%3A00%3A00%2B02%3A00&#038;subject=Biergarten";"extern"
"termine";"https://www.deinbier-allgaeu.de/terminkalender/brauseminar-2/";"Brauseminar";"https://www.deinbier-allgaeu.de/events/categories/brauseminar/";"intern"
"termine";"https://www.deinbier-allgaeu.de/terminkalender/brauseminar-2/";"Brauseminar";"https://www.deinbier-allgaeu.de/events/tags/brauseminar/";"intern"
"termine";"https://www.deinbier-allgaeu.de/terminkalender/brauseminar-2/";"DEIN BIER";"https://www.deinbier-allgaeu.de/locations/dein-bier/";"intern"
"termine";"https://www.deinbier-allgaeu.de/terminkalender/brauseminar-2/";"Google Kalender";"https://www.google.com/calendar/event?action=TEMPLATE&#038;text=Brauseminar&#038;dates=20220412T080000/20220412T150000&#038;details=in+Hausen&#038;location=Hausen+3%2C+Mauerstetten%2C+Deutschland%2C+87665%2C+Bayern%2C+Deutschland&#038;trp=false&#038;sprop=https%3A%2F%2Fwww.deinbier-allgaeu.de%2Fterminkalender%2Fbrauseminar-2%2F&#038;sprop=name:Dein+Bier&#038;ctz=Europe%2FBerlin";"intern"
"termine";"https://www.deinbier-allgaeu.de/terminkalender/brauseminar-2/";"iCalendar";"webcal://www.deinbier-allgaeu.de/terminkalender/brauseminar-2/ical/";"intern"
"termine";"https://www.deinbier-allgaeu.de/terminkalender/brauseminar-2/";"ICS herunterladen";"https://www.deinbier-allgaeu.de/terminkalender/brauseminar-2/ical/";"intern"
"termine";"https://www.deinbier-allgaeu.de/terminkalender/brauseminar-2/";"Office 365";"https://outlook.office.com/calendar/0/deeplink/compose?allday=false&#038;body=in+Hausen&#038;location=Hausen+3%2C+Mauerstetten%2C+Deutschland%2C+87665%2C+Bayern%2C+Deutschland&#038;path=/calendar/action/compose&#038;rru=addevent&#038;startdt=2022-04-12T08%3A00%3A00%2B02%3A00&#038;enddt=2022-04-12T15%3A00%3A00%2B02%3A00&#038;subject=Brauseminar";"extern"
"termine";"https://www.deinbier-allgaeu.de/terminkalender/brauseminar-2/";"Outlook Live";"https://outlook.live.com/calendar/0/deeplink/compose?allday=false&#038;body=in+Hausen&#038;location=Hausen+3%2C+Mauerstetten%2C+Deutschland%2C+87665%2C+Bayern%2C+Deutschland&#038;path=/calendar/action/compose&#038;rru=addevent&#038;startdt=2022-04-12T08%3A00%3A00%2B02%3A00&#038;enddt=2022-04-12T15%3A00%3A00%2B02%3A00&#038;subject=Brauseminar";"extern"
"termine";"https://www.deinbier-allgaeu.de/terminkalender/brauseminar/";"Brauseminar";"https://www.deinbier-allgaeu.de/events/categories/brauseminar/";"intern"
"termine";"https://www.deinbier-allgaeu.de/terminkalender/brauseminar/";"Brauseminar";"https://www.deinbier-allgaeu.de/events/tags/brauseminar/";"intern"
"termine";"https://www.deinbier-allgaeu.de/terminkalender/brauseminar/";"DEIN BIER";"https://www.deinbier-allgaeu.de/locations/dein-bier/";"intern"
"termine";"https://www.deinbier-allgaeu.de/terminkalender/brauseminar/";"Google Kalender";"https://www.google.com/calendar/event?action=TEMPLATE&#038;text=Brauseminar&#038;dates=20220319T130000/20220319T200000&#038;details=1.+Brauseminar+nach+Corona+%28Maximale+Teilnehmerzahl+15%29&#038;location=Hausen+3%2C+Mauerstetten%2C+Deutschland%2C+87665%2C+Bayern%2C+Deutschland&#038;trp=false&#038;sprop=https%3A%2F%2Fwww.deinbier-allgaeu.de%2Fterminkalender%2Fbrauseminar%2F&#038;sprop=name:Dein+Bier&#038;ctz=Europe%2FBerlin";"intern"
"termine";"https://www.deinbier-allgaeu.de/terminkalender/brauseminar/";"iCalendar";"webcal://www.deinbier-allgaeu.de/terminkalender/brauseminar/ical/";"intern"
"termine";"https://www.deinbier-allgaeu.de/terminkalender/brauseminar/";"ICS herunterladen";"https://www.deinbier-allgaeu.de/terminkalender/brauseminar/ical/";"intern"
"termine";"https://www.deinbier-allgaeu.de/terminkalender/brauseminar/";"Office 365";"https://outlook.office.com/calendar/0/deeplink/compose?allday=false&#038;body=1.+Brauseminar+nach+Corona+%28Maximale+Teilnehmerzahl+15%29&#038;location=Hausen+3%2C+Mauerstetten%2C+Deutschland%2C+87665%2C+Bayern%2C+Deutschland&#038;path=/calendar/action/compose&#038;rru=addevent&#038;startdt=2022-03-19T13%3A00%3A00%2B01%3A00&#038;enddt=2022-03-19T20%3A00%3A00%2B01%3A00&#038;subject=Brauseminar";"extern"
"termine";"https://www.deinbier-allgaeu.de/terminkalender/brauseminar/";"Outlook Live";"https://outlook.live.com/calendar/0/deeplink/compose?allday=false&#038;body=1.+Brauseminar+nach+Corona+%28Maximale+Teilnehmerzahl+15%29&#038;location=Hausen+3%2C+Mauerstetten%2C+Deutschland%2C+87665%2C+Bayern%2C+Deutschland&#038;path=/calendar/action/compose&#038;rru=addevent&#038;startdt=2022-03-19T13%3A00%3A00%2B01%3A00&#038;enddt=2022-03-19T20%3A00%3A00%2B01%3A00&#038;subject=Brauseminar";"extern"
"termine";"https://www.deinbier-allgaeu.de/terminkalender/maibaumaufstellen-mauerstetten/";"Brauseminar";"https://www.deinbier-allgaeu.de/events/categories/brauseminar/";"intern"
"termine";"https://www.deinbier-allgaeu.de/terminkalender/maibaumaufstellen-mauerstetten/";"Dorfplatz Mauerstetten";"https://www.deinbier-allgaeu.de/locations/dorfplatz-mauerstetten/";"intern"
"termine";"https://www.deinbier-allgaeu.de/terminkalender/maibaumaufstellen-mauerstetten/";"Google Kalender";"https://www.google.com/calendar/event?action=TEMPLATE&#038;text=Maibaumaufstellen+Mauerstetten&#038;dates=20230501/20230502&#038;details=Dieser+Jahr+wird+in+Mauerstetten+wieder+ein+Maibaum+aufgestellt%21%21Wir+danken+dem+Maibaumverein%2C+da%C3%9F+wir+die+Veranstaltung+wieder+mit+unseren+Getr%C3%A4nken+beliefern+d%C3%BCrfen.&#038;location=Kirchplatz%2C+Mauerstetten%2C+Bayern%2C+87665%2C+Deutschland&#038;trp=false&#038;sprop=https%3A%2F%2Fwww.deinbier-allgaeu.de%2Fterminkalender%2Fmaibaumaufstellen-mauerstetten%2F&#038;sprop=name:Dein+Bier&#038;ctz=Europe%2FBerlin";"intern"
"termine";"https://www.deinbier-allgaeu.de/terminkalender/maibaumaufstellen-mauerstetten/";"iCalendar";"webcal://www.deinbier-allgaeu.de/terminkalender/maibaumaufstellen-mauerstetten/ical/";"intern"
"termine";"https://www.deinbier-allgaeu.de/terminkalender/maibaumaufstellen-mauerstetten/";"ICS herunterladen";"https://www.deinbier-allgaeu.de/terminkalender/maibaumaufstellen-mauerstetten/ical/";"intern"
"termine";"https://www.deinbier-allgaeu.de/terminkalender/maibaumaufstellen-mauerstetten/";"Office 365";"https://outlook.office.com/calendar/0/deeplink/compose?allday=true&#038;body=Dieser+Jahr+wird+in+Mauerstetten+wieder+ein+Maibaum+aufgestellt%21%21Wir+danken+dem+Maibaumverein%2C+da%C3%9F+wir+die+Veranstaltung+wieder+mit+unseren+Getr%C3%A4nken+beliefern+d%C3%BCrfen.&#038;location=Kirchplatz%2C+Mauerstetten%2C+Bayern%2C+87665%2C+Deutschland&#038;path=/calendar/action/compose&#038;rru=addevent&#038;startdt=2023-05-01T00%3A00%3A00%2B02%3A00&#038;enddt=2023-04-30T23%3A59%3A59%2B02%3A00&#038;subject=Maibaumaufstellen+Mauerstetten";"extern"
"termine";"https://www.deinbier-allgaeu.de/terminkalender/maibaumaufstellen-mauerstetten/";"Outlook Live";"https://outlook.live.com/calendar/0/deeplink/compose?allday=true&#038;body=Dieser+Jahr+wird+in+Mauerstetten+wieder+ein+Maibaum+aufgestellt%21%21Wir+danken+dem+Maibaumverein%2C+da%C3%9F+wir+die+Veranstaltung+wieder+mit+unseren+Getr%C3%A4nken+beliefern+d%C3%BCrfen.&#038;location=Kirchplatz%2C+Mauerstetten%2C+Bayern%2C+87665%2C+Deutschland&#038;path=/calendar/action/compose&#038;rru=addevent&#038;startdt=2023-05-01T00%3A00%3A00%2B02%3A00&#038;enddt=2023-04-30T23%3A59%3A59%2B02%3A00&#038;subject=Maibaumaufstellen+Mauerstetten";"extern"
"termine";"https://www.deinbier-allgaeu.de/terminkalender/oeffentliches-brauseminar-10/";"Brauseminar";"https://www.deinbier-allgaeu.de/events/categories/brauseminar/";"intern"
"termine";"https://www.deinbier-allgaeu.de/terminkalender/oeffentliches-brauseminar-10/";"DEIN BIER";"https://www.deinbier-allgaeu.de/locations/dein-bier/";"intern"
"termine";"https://www.deinbier-allgaeu.de/terminkalender/oeffentliches-brauseminar-10/";"Google Kalender";"https://www.google.com/calendar/event?action=TEMPLATE&#038;text=%C3%96ffentliches+Brauseminar&#038;dates=20240406T110000/20240406T170000&#038;details=Auf+nach+Hausen+wo+es+hei%C3%9Ft%3A+Brau+Dein+Bier.Ein+Tag+mit+Spannung%2C+Spa%C3%9F+und+guter+Laune.Erfahr+alles+%C3%BCber+das+Thema+Bier+und+la%C3%9Ft+Euch+bei+Getr%C3%A4nken+und+z%C3%BCnftiger+Brotzeit+verw%C3%B6hnen.Wir+freuen+uns+auf+Euch+Euer+DEIN+BIER+Team&#038;location=Hausen+3%2C+Mauerstetten%2C+Deutschland%2C+87665%2C+Bayern%2C+Deutschland&#038;trp=false&#038;sprop=https%3A%2F%2Fwww.deinbier-allgaeu.de%2Fterminkalender%2Foeffentliches-brauseminar-10%2F&#038;sprop=name:Dein+Bier&#038;ctz=Europe%2FBerlin";"intern"
"termine";"https://www.deinbier-allgaeu.de/terminkalender/oeffentliches-brauseminar-10/";"iCalendar";"webcal://www.deinbier-allgaeu.de/terminkalender/oeffentliches-brauseminar-10/ical/";"intern"
"termine";"https://www.deinbier-allgaeu.de/terminkalender/oeffentliches-brauseminar-10/";"ICS herunterladen";"https://www.deinbier-allgaeu.de/terminkalender/oeffentliches-brauseminar-10/ical/";"intern"
"termine";"https://www.deinbier-allgaeu.de/terminkalender/oeffentliches-brauseminar-10/";"Office 365";"https://outlook.office.com/calendar/0/deeplink/compose?allday=false&#038;body=Auf+nach+Hausen+wo+es+hei%C3%9Ft%3A+Brau+Dein+Bier.Ein+Tag+mit+Spannung%2C+Spa%C3%9F+und+guter+Laune.Erfahr+alles+%C3%BCber+das+Thema+Bier+und+la%C3%9Ft+Euch+bei+Getr%C3%A4nken+und+z%C3%BCnftiger+Brotzeit+verw%C3%B6hnen.Wir+freuen+uns+auf+Euch+Euer+DEIN+BIER+Team&#038;location=Hausen+3%2C+Mauerstetten%2C+Deutschland%2C+87665%2C+Bayern%2C+Deutschland&#038;path=/calendar/action/compose&#038;rru=addevent&#038;startdt=2024-04-06T11%3A00%3A00%2B02%3A00&#038;enddt=2024-04-06T17%3A00%3A00%2B02%3A00&#038;subject=%C3%96ffentliches+Brauseminar";"extern"
"termine";"https://www.deinbier-allgaeu.de/terminkalender/oeffentliches-brauseminar-10/";"Outlook Live";"https://outlook.live.com/calendar/0/deeplink/compose?allday=false&#038;body=Auf+nach+Hausen+wo+es+hei%C3%9Ft%3A+Brau+Dein+Bier.Ein+Tag+mit+Spannung%2C+Spa%C3%9F+und+guter+Laune.Erfahr+alles+%C3%BCber+das+Thema+Bier+und+la%C3%9Ft+Euch+bei+Getr%C3%A4nken+und+z%C3%BCnftiger+Brotzeit+verw%C3%B6hnen.Wir+freuen+uns+auf+Euch+Euer+DEIN+BIER+Team&#038;location=Hausen+3%2C+Mauerstetten%2C+Deutschland%2C+87665%2C+Bayern%2C+Deutschland&#038;path=/calendar/action/compose&#038;rru=addevent&#038;startdt=2024-04-06T11%3A00%3A00%2B02%3A00&#038;enddt=2024-04-06T17%3A00%3A00%2B02%3A00&#038;subject=%C3%96ffentliches+Brauseminar";"extern"
"termine";"https://www.deinbier-allgaeu.de/terminkalender/oeffentliches-brauseminar-11/";"Brauseminar";"https://www.deinbier-allgaeu.de/events/categories/brauseminar/";"intern"
"termine";"https://www.deinbier-allgaeu.de/terminkalender/oeffentliches-brauseminar-11/";"DEIN BIER";"https://www.deinbier-allgaeu.de/locations/dein-bier/";"intern"
"termine";"https://www.deinbier-allgaeu.de/terminkalender/oeffentliches-brauseminar-11/";"Google Kalender";"https://www.google.com/calendar/event?action=TEMPLATE&#038;text=%C3%96ffentliches+Brauseminar&#038;dates=20240509T110000/20240509T110000&#038;details=Brauseminar+am+Vatertag%2C+was+gibt+es+besseres.Kommt+vorbei+genie%C3%9Ft+gutes+Bier+und+eine+z%C3%BCnftige+Brotzeit.+Nicht+zu+vergessen+gibt+es+alle+Informationen+%C3%BCber+das+Thema+Bier.Schnappt+Euch+Eure+Freunde+und+kommt+zu+uns+nach+Hausen.+Parkpl%C3%A4tze+f%C3%BCr+Eure+Leiterw%C3%A4gen+sind+vorhanden.Euer+Dein+Bier+Team&#038;location=Hausen+3%2C+Mauerstetten%2C+Deutschland%2C+87665%2C+Bayern%2C+Deutschland&#038;trp=false&#038;sprop=https%3A%2F%2Fwww.deinbier-allgaeu.de%2Fterminkalender%2Foeffentliches-brauseminar-11%2F&#038;sprop=name:Dein+Bier&#038;ctz=Europe%2FBerlin";"intern"
"termine";"https://www.deinbier-allgaeu.de/terminkalender/oeffentliches-brauseminar-11/";"iCalendar";"webcal://www.deinbier-allgaeu.de/terminkalender/oeffentliches-brauseminar-11/ical/";"intern"
"termine";"https://www.deinbier-allgaeu.de/terminkalender/oeffentliches-brauseminar-11/";"ICS herunterladen";"https://www.deinbier-allgaeu.de/terminkalender/oeffentliches-brauseminar-11/ical/";"intern"
"termine";"https://www.deinbier-allgaeu.de/terminkalender/oeffentliches-brauseminar-11/";"Office 365";"https://outlook.office.com/calendar/0/deeplink/compose?allday=false&#038;body=Brauseminar+am+Vatertag%2C+was+gibt+es+besseres.Kommt+vorbei+genie%C3%9Ft+gutes+Bier+und+eine+z%C3%BCnftige+Brotzeit.+Nicht+zu+vergessen+gibt+es+alle+Informationen+%C3%BCber+das+Thema+Bier.Schnappt+Euch+Eure+Freunde+und+kommt+zu+uns+nach+Hausen.+Parkpl%C3%A4tze+f%C3%BCr+Eure+Leiterw%C3%A4gen+sind+vorhanden.Euer+Dein+Bier+Team&#038;location=Hausen+3%2C+Mauerstetten%2C+Deutschland%2C+87665%2C+Bayern%2C+Deutschland&#038;path=/calendar/action/compose&#038;rru=addevent&#038;startdt=2024-05-09T11%3A00%3A00%2B02%3A00&#038;enddt=2024-05-09T11%3A00%3A00%2B02%3A00&#038;subject=%C3%96ffentliches+Brauseminar";"extern"
"termine";"https://www.deinbier-allgaeu.de/terminkalender/oeffentliches-brauseminar-11/";"Outlook Live";"https://outlook.live.com/calendar/0/deeplink/compose?allday=false&#038;body=Brauseminar+am+Vatertag%2C+was+gibt+es+besseres.Kommt+vorbei+genie%C3%9Ft+gutes+Bier+und+eine+z%C3%BCnftige+Brotzeit.+Nicht+zu+vergessen+gibt+es+alle+Informationen+%C3%BCber+das+Thema+Bier.Schnappt+Euch+Eure+Freunde+und+kommt+zu+uns+nach+Hausen.+Parkpl%C3%A4tze+f%C3%BCr+Eure+Leiterw%C3%A4gen+sind+vorhanden.Euer+Dein+Bier+Team&#038;location=Hausen+3%2C+Mauerstetten%2C+Deutschland%2C+87665%2C+Bayern%2C+Deutschland&#038;path=/calendar/action/compose&#038;rru=addevent&#038;startdt=2024-05-09T11%3A00%3A00%2B02%3A00&#038;enddt=2024-05-09T11%3A00%3A00%2B02%3A00&#038;subject=%C3%96ffentliches+Brauseminar";"extern"
"termine";"https://www.deinbier-allgaeu.de/terminkalender/oeffentliches-brauseminar-12/";"Brauseminar";"https://www.deinbier-allgaeu.de/events/categories/brauseminar/";"intern"
"termine";"https://www.deinbier-allgaeu.de/terminkalender/oeffentliches-brauseminar-12/";"DEIN BIER";"https://www.deinbier-allgaeu.de/locations/dein-bier/";"intern"
"termine";"https://www.deinbier-allgaeu.de/terminkalender/oeffentliches-brauseminar-12/";"Google Kalender";"https://www.google.com/calendar/event?action=TEMPLATE&#038;text=%C3%96ffentliches+Brauseminar&#038;dates=20240608T110000/20240608T110000&#038;details=Raus+aus+dem+Alltag+und+eintauchen+in+das+Geheimnis+des+Bierbrauens.Ein+mu%C3%9F+f%C3%BCr+jeden+Bierliebhaber%3A+Informationen+%C3%BCbers+Bierbrauen+als+auch+Verkosten+des+Gerstensaftes+geh%C3%B6ren+zu+diesem+Tag+mit+guter+Laune+Spa%C3%9F+und+Freude.Eine+z%C3%BCnftige+Brotzeit+darf+nat%C3%BCrlich+auch+nicht+fehlen.Kommt+vorbei+und+%C3%BCberzeugt+Euch+selbst.Euer+Dein+Bier+Team&#038;location=Hausen+3%2C+Mauerstetten%2C+Deutschland%2C+87665%2C+Bayern%2C+Deutschland&#038;trp=false&#038;sprop=https%3A%2F%2Fwww.deinbier-allgaeu.de%2Fterminkalender%2Foeffentliches-brauseminar-12%2F&#038;sprop=name:Dein+Bier&#038;ctz=Europe%2FBerlin";"intern"
"termine";"https://www.deinbier-allgaeu.de/terminkalender/oeffentliches-brauseminar-12/";"iCalendar";"webcal://www.deinbier-allgaeu.de/terminkalender/oeffentliches-brauseminar-12/ical/";"intern"
"termine";"https://www.deinbier-allgaeu.de/terminkalender/oeffentliches-brauseminar-12/";"ICS herunterladen";"https://www.deinbier-allgaeu.de/terminkalender/oeffentliches-brauseminar-12/ical/";"intern"
"termine";"https://www.deinbier-allgaeu.de/terminkalender/oeffentliches-brauseminar-12/";"Office 365";"https://outlook.office.com/calendar/0/deeplink/compose?allday=false&#038;body=Raus+aus+dem+Alltag+und+eintauchen+in+das+Geheimnis+des+Bierbrauens.Ein+mu%C3%9F+f%C3%BCr+jeden+Bierliebhaber%3A+Informationen+%C3%BCbers+Bierbrauen+als+auch+Verkosten+des+Gerstensaftes+geh%C3%B6ren+zu+diesem+Tag+mit+guter+Laune+Spa%C3%9F+und+Freude.Eine+z%C3%BCnftige+Brotzeit+darf+nat%C3%BCrlich+auch+nicht+fehlen.Kommt+vorbei+und+%C3%BCberzeugt+Euch+selbst.Euer+Dein+Bier+Team&#038;location=Hausen+3%2C+Mauerstetten%2C+Deutschland%2C+87665%2C+Bayern%2C+Deutschland&#038;path=/calendar/action/compose&#038;rru=addevent&#038;startdt=2024-06-08T11%3A00%3A00%2B02%3A00&#038;enddt=2024-06-08T11%3A00%3A00%2B02%3A00&#038;subject=%C3%96ffentliches+Brauseminar";"extern"
"termine";"https://www.deinbier-allgaeu.de/terminkalender/oeffentliches-brauseminar-12/";"Outlook Live";"https://outlook.live.com/calendar/0/deeplink/compose?allday=false&#038;body=Raus+aus+dem+Alltag+und+eintauchen+in+das+Geheimnis+des+Bierbrauens.Ein+mu%C3%9F+f%C3%BCr+jeden+Bierliebhaber%3A+Informationen+%C3%BCbers+Bierbrauen+als+auch+Verkosten+des+Gerstensaftes+geh%C3%B6ren+zu+diesem+Tag+mit+guter+Laune+Spa%C3%9F+und+Freude.Eine+z%C3%BCnftige+Brotzeit+darf+nat%C3%BCrlich+auch+nicht+fehlen.Kommt+vorbei+und+%C3%BCberzeugt+Euch+selbst.Euer+Dein+Bier+Team&#038;location=Hausen+3%2C+Mauerstetten%2C+Deutschland%2C+87665%2C+Bayern%2C+Deutschland&#038;path=/calendar/action/compose&#038;rru=addevent&#038;startdt=2024-06-08T11%3A00%3A00%2B02%3A00&#038;enddt=2024-06-08T11%3A00%3A00%2B02%3A00&#038;subject=%C3%96ffentliches+Brauseminar";"extern"
"termine";"https://www.deinbier-allgaeu.de/terminkalender/oeffentliches-brauseminar-13/";"Bier";"https://www.deinbier-allgaeu.de/events/tags/bier/";"intern"
"termine";"https://www.deinbier-allgaeu.de/terminkalender/oeffentliches-brauseminar-13/";"Brauseminar";"https://www.deinbier-allgaeu.de/events/categories/brauseminar/";"intern"
"termine";"https://www.deinbier-allgaeu.de/terminkalender/oeffentliches-brauseminar-13/";"DEIN BIER";"https://www.deinbier-allgaeu.de/locations/dein-bier/";"intern"
"termine";"https://www.deinbier-allgaeu.de/terminkalender/oeffentliches-brauseminar-13/";"Freunde";"https://www.deinbier-allgaeu.de/events/tags/freunde/";"intern"
"termine";"https://www.deinbier-allgaeu.de/terminkalender/oeffentliches-brauseminar-13/";"Google Kalender";"https://www.google.com/calendar/event?action=TEMPLATE&#038;text=%C3%96ffentliches+Brauseminar&#038;dates=20250222T110000/20250222T110000&#038;details=&#038;location=Hausen+3%2C+Mauerstetten%2C+Deutschland%2C+87665%2C+Bayern%2C+Deutschland&#038;trp=false&#038;sprop=https%3A%2F%2Fwww.deinbier-allgaeu.de%2Fterminkalender%2Foeffentliches-brauseminar-13%2F&#038;sprop=name:Dein+Bier&#038;ctz=Europe%2FBerlin";"intern"
"termine";"https://www.deinbier-allgaeu.de/terminkalender/oeffentliches-brauseminar-13/";"iCalendar";"webcal://www.deinbier-allgaeu.de/terminkalender/oeffentliches-brauseminar-13/ical/";"intern"
"termine";"https://www.deinbier-allgaeu.de/terminkalender/oeffentliches-brauseminar-13/";"ICS herunterladen";"https://www.deinbier-allgaeu.de/terminkalender/oeffentliches-brauseminar-13/ical/";"intern"
"termine";"https://www.deinbier-allgaeu.de/terminkalender/oeffentliches-brauseminar-13/";"Office 365";"https://outlook.office.com/calendar/0/deeplink/compose?allday=false&#038;body=&#038;location=Hausen+3%2C+Mauerstetten%2C+Deutschland%2C+87665%2C+Bayern%2C+Deutschland&#038;path=/calendar/action/compose&#038;rru=addevent&#038;startdt=2025-02-22T11%3A00%3A00%2B01%3A00&#038;enddt=2025-02-22T11%3A00%3A00%2B01%3A00&#038;subject=%C3%96ffentliches+Brauseminar";"extern"
"termine";"https://www.deinbier-allgaeu.de/terminkalender/oeffentliches-brauseminar-13/";"Outlook Live";"https://outlook.live.com/calendar/0/deeplink/compose?allday=false&#038;body=&#038;location=Hausen+3%2C+Mauerstetten%2C+Deutschland%2C+87665%2C+Bayern%2C+Deutschland&#038;path=/calendar/action/compose&#038;rru=addevent&#038;startdt=2025-02-22T11%3A00%3A00%2B01%3A00&#038;enddt=2025-02-22T11%3A00%3A00%2B01%3A00&#038;subject=%C3%96ffentliches+Brauseminar";"extern"
"termine";"https://www.deinbier-allgaeu.de/terminkalender/oeffentliches-brauseminar-13/";"Seminar";"https://www.deinbier-allgaeu.de/events/tags/seminar/";"intern"
"termine";"https://www.deinbier-allgaeu.de/terminkalender/oeffentliches-brauseminar-13/";"Spaß";"https://www.deinbier-allgaeu.de/events/tags/spass/";"intern"
"termine";"https://www.deinbier-allgaeu.de/terminkalender/oeffentliches-brauseminar-14/";"Bier";"https://www.deinbier-allgaeu.de/events/tags/bier/";"intern"
"termine";"https://www.deinbier-allgaeu.de/terminkalender/oeffentliches-brauseminar-14/";"Brauseminar";"https://www.deinbier-allgaeu.de/events/categories/brauseminar/";"intern"
"termine";"https://www.deinbier-allgaeu.de/terminkalender/oeffentliches-brauseminar-14/";"Brauseminar";"https://www.deinbier-allgaeu.de/events/tags/brauseminar/";"intern"
"termine";"https://www.deinbier-allgaeu.de/terminkalender/oeffentliches-brauseminar-14/";"DEIN BIER";"https://www.deinbier-allgaeu.de/locations/dein-bier/";"intern"
"termine";"https://www.deinbier-allgaeu.de/terminkalender/oeffentliches-brauseminar-14/";"Freunde";"https://www.deinbier-allgaeu.de/events/tags/freunde/";"intern"
"termine";"https://www.deinbier-allgaeu.de/terminkalender/oeffentliches-brauseminar-14/";"Google Kalender";"https://www.google.com/calendar/event?action=TEMPLATE&#038;text=%C3%96ffentliches+Brauseminar&#038;dates=20250322T110000/20250322T110000&#038;details=&#038;location=Hausen+3%2C+Mauerstetten%2C+Deutschland%2C+87665%2C+Bayern%2C+Deutschland&#038;trp=false&#038;sprop=https%3A%2F%2Fwww.deinbier-allgaeu.de%2Fterminkalender%2Foeffentliches-brauseminar-14%2F&#038;sprop=name:Dein+Bier&#038;ctz=Europe%2FBerlin";"intern"
"termine";"https://www.deinbier-allgaeu.de/terminkalender/oeffentliches-brauseminar-14/";"iCalendar";"webcal://www.deinbier-allgaeu.de/terminkalender/oeffentliches-brauseminar-14/ical/";"intern"
"termine";"https://www.deinbier-allgaeu.de/terminkalender/oeffentliches-brauseminar-14/";"ICS herunterladen";"https://www.deinbier-allgaeu.de/terminkalender/oeffentliches-brauseminar-14/ical/";"intern"
"termine";"https://www.deinbier-allgaeu.de/terminkalender/oeffentliches-brauseminar-14/";"Office 365";"https://outlook.office.com/calendar/0/deeplink/compose?allday=false&#038;body=&#038;location=Hausen+3%2C+Mauerstetten%2C+Deutschland%2C+87665%2C+Bayern%2C+Deutschland&#038;path=/calendar/action/compose&#038;rru=addevent&#038;startdt=2025-03-22T11%3A00%3A00%2B01%3A00&#038;enddt=2025-03-22T11%3A00%3A00%2B01%3A00&#038;subject=%C3%96ffentliches+Brauseminar";"extern"
"termine";"https://www.deinbier-allgaeu.de/terminkalender/oeffentliches-brauseminar-14/";"Outlook Live";"https://outlook.live.com/calendar/0/deeplink/compose?allday=false&#038;body=&#038;location=Hausen+3%2C+Mauerstetten%2C+Deutschland%2C+87665%2C+Bayern%2C+Deutschland&#038;path=/calendar/action/compose&#038;rru=addevent&#038;startdt=2025-03-22T11%3A00%3A00%2B01%3A00&#038;enddt=2025-03-22T11%3A00%3A00%2B01%3A00&#038;subject=%C3%96ffentliches+Brauseminar";"extern"
"termine";"https://www.deinbier-allgaeu.de/terminkalender/oeffentliches-brauseminar-14/";"Seminar";"https://www.deinbier-allgaeu.de/events/tags/seminar/";"intern"
"termine";"https://www.deinbier-allgaeu.de/terminkalender/oeffentliches-brauseminar-14/";"Spaß";"https://www.deinbier-allgaeu.de/events/tags/spass/";"intern"
"termine";"https://www.deinbier-allgaeu.de/terminkalender/oeffentliches-brauseminar-16/";"Bier";"https://www.deinbier-allgaeu.de/events/tags/bier/";"intern"
"termine";"https://www.deinbier-allgaeu.de/terminkalender/oeffentliches-brauseminar-16/";"Brauseminar";"https://www.deinbier-allgaeu.de/events/categories/brauseminar/";"intern"
"termine";"https://www.deinbier-allgaeu.de/terminkalender/oeffentliches-brauseminar-16/";"Brauseminar";"https://www.deinbier-allgaeu.de/events/tags/brauseminar/";"intern"
"termine";"https://www.deinbier-allgaeu.de/terminkalender/oeffentliches-brauseminar-16/";"DEIN BIER";"https://www.deinbier-allgaeu.de/locations/dein-bier/";"intern"
"termine";"https://www.deinbier-allgaeu.de/terminkalender/oeffentliches-brauseminar-16/";"Freunde";"https://www.deinbier-allgaeu.de/events/tags/freunde/";"intern"
"termine";"https://www.deinbier-allgaeu.de/terminkalender/oeffentliches-brauseminar-16/";"Google Kalender";"https://www.google.com/calendar/event?action=TEMPLATE&#038;text=%C3%96ffentliches+Brauseminar&#038;dates=20250529T110000/20250529T110000&#038;details=&#038;location=Hausen+3%2C+Mauerstetten%2C+Deutschland%2C+87665%2C+Bayern%2C+Deutschland&#038;trp=false&#038;sprop=https%3A%2F%2Fwww.deinbier-allgaeu.de%2Fterminkalender%2Foeffentliches-brauseminar-16%2F&#038;sprop=name:Dein+Bier&#038;ctz=Europe%2FBerlin";"intern"
"termine";"https://www.deinbier-allgaeu.de/terminkalender/oeffentliches-brauseminar-16/";"iCalendar";"webcal://www.deinbier-allgaeu.de/terminkalender/oeffentliches-brauseminar-16/ical/";"intern"
"termine";"https://www.deinbier-allgaeu.de/terminkalender/oeffentliches-brauseminar-16/";"ICS herunterladen";"https://www.deinbier-allgaeu.de/terminkalender/oeffentliches-brauseminar-16/ical/";"intern"
"termine";"https://www.deinbier-allgaeu.de/terminkalender/oeffentliches-brauseminar-16/";"Office 365";"https://outlook.office.com/calendar/0/deeplink/compose?allday=false&#038;body=&#038;location=Hausen+3%2C+Mauerstetten%2C+Deutschland%2C+87665%2C+Bayern%2C+Deutschland&#038;path=/calendar/action/compose&#038;rru=addevent&#038;startdt=2025-05-29T11%3A00%3A00%2B02%3A00&#038;enddt=2025-05-29T11%3A00%3A00%2B02%3A00&#038;subject=%C3%96ffentliches+Brauseminar";"extern"
"termine";"https://www.deinbier-allgaeu.de/terminkalender/oeffentliches-brauseminar-16/";"Outlook Live";"https://outlook.live.com/calendar/0/deeplink/compose?allday=false&#038;body=&#038;location=Hausen+3%2C+Mauerstetten%2C+Deutschland%2C+87665%2C+Bayern%2C+Deutschland&#038;path=/calendar/action/compose&#038;rru=addevent&#038;startdt=2025-05-29T11%3A00%3A00%2B02%3A00&#038;enddt=2025-05-29T11%3A00%3A00%2B02%3A00&#038;subject=%C3%96ffentliches+Brauseminar";"extern"
"termine";"https://www.deinbier-allgaeu.de/terminkalender/oeffentliches-brauseminar-16/";"Seminar";"https://www.deinbier-allgaeu.de/events/tags/seminar/";"intern"
"termine";"https://www.deinbier-allgaeu.de/terminkalender/oeffentliches-brauseminar-16/";"Spaß";"https://www.deinbier-allgaeu.de/events/tags/spass/";"intern"
"termine";"https://www.deinbier-allgaeu.de/terminkalender/oeffentliches-brauseminar-17/";"Bier";"https://www.deinbier-allgaeu.de/events/tags/bier/";"intern"
"termine";"https://www.deinbier-allgaeu.de/terminkalender/oeffentliches-brauseminar-17/";"Brauseminar";"https://www.deinbier-allgaeu.de/events/categories/brauseminar/";"intern"
"termine";"https://www.deinbier-allgaeu.de/terminkalender/oeffentliches-brauseminar-17/";"Brauseminar";"https://www.deinbier-allgaeu.de/events/tags/brauseminar/";"intern"
"termine";"https://www.deinbier-allgaeu.de/terminkalender/oeffentliches-brauseminar-17/";"DEIN BIER";"https://www.deinbier-allgaeu.de/locations/dein-bier/";"intern"
"termine";"https://www.deinbier-allgaeu.de/terminkalender/oeffentliches-brauseminar-17/";"Freunde";"https://www.deinbier-allgaeu.de/events/tags/freunde/";"intern"
"termine";"https://www.deinbier-allgaeu.de/terminkalender/oeffentliches-brauseminar-17/";"Google Kalender";"https://www.google.com/calendar/event?action=TEMPLATE&#038;text=%C3%96ffentliches+Brauseminar&#038;dates=20250628T110000/20250628T110000&#038;details=&#038;location=Hausen+3%2C+Mauerstetten%2C+Deutschland%2C+87665%2C+Bayern%2C+Deutschland&#038;trp=false&#038;sprop=https%3A%2F%2Fwww.deinbier-allgaeu.de%2Fterminkalender%2Foeffentliches-brauseminar-17%2F&#038;sprop=name:Dein+Bier&#038;ctz=Europe%2FBerlin";"intern"
"termine";"https://www.deinbier-allgaeu.de/terminkalender/oeffentliches-brauseminar-17/";"iCalendar";"webcal://www.deinbier-allgaeu.de/terminkalender/oeffentliches-brauseminar-17/ical/";"intern"
"termine";"https://www.deinbier-allgaeu.de/terminkalender/oeffentliches-brauseminar-17/";"ICS herunterladen";"https://www.deinbier-allgaeu.de/terminkalender/oeffentliches-brauseminar-17/ical/";"intern"
"termine";"https://www.deinbier-allgaeu.de/terminkalender/oeffentliches-brauseminar-17/";"Office 365";"https://outlook.office.com/calendar/0/deeplink/compose?allday=false&#038;body=&#038;location=Hausen+3%2C+Mauerstetten%2C+Deutschland%2C+87665%2C+Bayern%2C+Deutschland&#038;path=/calendar/action/compose&#038;rru=addevent&#038;startdt=2025-06-28T11%3A00%3A00%2B02%3A00&#038;enddt=2025-06-28T11%3A00%3A00%2B02%3A00&#038;subject=%C3%96ffentliches+Brauseminar";"extern"
"termine";"https://www.deinbier-allgaeu.de/terminkalender/oeffentliches-brauseminar-17/";"Outlook Live";"https://outlook.live.com/calendar/0/deeplink/compose?allday=false&#038;body=&#038;location=Hausen+3%2C+Mauerstetten%2C+Deutschland%2C+87665%2C+Bayern%2C+Deutschland&#038;path=/calendar/action/compose&#038;rru=addevent&#038;startdt=2025-06-28T11%3A00%3A00%2B02%3A00&#038;enddt=2025-06-28T11%3A00%3A00%2B02%3A00&#038;subject=%C3%96ffentliches+Brauseminar";"extern"
"termine";"https://www.deinbier-allgaeu.de/terminkalender/oeffentliches-brauseminar-17/";"Seminar";"https://www.deinbier-allgaeu.de/events/tags/seminar/";"intern"
"termine";"https://www.deinbier-allgaeu.de/terminkalender/oeffentliches-brauseminar-17/";"Spaß";"https://www.deinbier-allgaeu.de/events/tags/spass/";"intern"
"termine";"https://www.deinbier-allgaeu.de/terminkalender/oeffentliches-brauseminar-19/";"Bier";"https://www.deinbier-allgaeu.de/events/tags/bier/";"intern"
"termine";"https://www.deinbier-allgaeu.de/terminkalender/oeffentliches-brauseminar-19/";"Brauseminar";"https://www.deinbier-allgaeu.de/events/categories/brauseminar/";"intern"
"termine";"https://www.deinbier-allgaeu.de/terminkalender/oeffentliches-brauseminar-19/";"Brauseminar";"https://www.deinbier-allgaeu.de/events/tags/brauseminar/";"intern"
"termine";"https://www.deinbier-allgaeu.de/terminkalender/oeffentliches-brauseminar-19/";"DEIN BIER";"https://www.deinbier-allgaeu.de/locations/dein-bier/";"intern"
"termine";"https://www.deinbier-allgaeu.de/terminkalender/oeffentliches-brauseminar-19/";"Freunde";"https://www.deinbier-allgaeu.de/events/tags/freunde/";"intern"
"termine";"https://www.deinbier-allgaeu.de/terminkalender/oeffentliches-brauseminar-19/";"Google Kalender";"https://www.google.com/calendar/event?action=TEMPLATE&#038;text=%C3%96ffentliches+Brauseminar&#038;dates=20251025T110000/20251025T110000&#038;details=&#038;location=Hausen+3%2C+Mauerstetten%2C+Deutschland%2C+87665%2C+Bayern%2C+Deutschland&#038;trp=false&#038;sprop=https%3A%2F%2Fwww.deinbier-allgaeu.de%2Fterminkalender%2Foeffentliches-brauseminar-19%2F&#038;sprop=name:Dein+Bier&#038;ctz=Europe%2FBerlin";"intern"
"termine";"https://www.deinbier-allgaeu.de/terminkalender/oeffentliches-brauseminar-19/";"iCalendar";"webcal://www.deinbier-allgaeu.de/terminkalender/oeffentliches-brauseminar-19/ical/";"intern"
"termine";"https://www.deinbier-allgaeu.de/terminkalender/oeffentliches-brauseminar-19/";"ICS herunterladen";"https://www.deinbier-allgaeu.de/terminkalender/oeffentliches-brauseminar-19/ical/";"intern"
"termine";"https://www.deinbier-allgaeu.de/terminkalender/oeffentliches-brauseminar-19/";"Office 365";"https://outlook.office.com/calendar/0/deeplink/compose?allday=false&#038;body=&#038;location=Hausen+3%2C+Mauerstetten%2C+Deutschland%2C+87665%2C+Bayern%2C+Deutschland&#038;path=/calendar/action/compose&#038;rru=addevent&#038;startdt=2025-10-25T11%3A00%3A00%2B02%3A00&#038;enddt=2025-10-25T11%3A00%3A00%2B02%3A00&#038;subject=%C3%96ffentliches+Brauseminar";"extern"
"termine";"https://www.deinbier-allgaeu.de/terminkalender/oeffentliches-brauseminar-19/";"Outlook Live";"https://outlook.live.com/calendar/0/deeplink/compose?allday=false&#038;body=&#038;location=Hausen+3%2C+Mauerstetten%2C+Deutschland%2C+87665%2C+Bayern%2C+Deutschland&#038;path=/calendar/action/compose&#038;rru=addevent&#038;startdt=2025-10-25T11%3A00%3A00%2B02%3A00&#038;enddt=2025-10-25T11%3A00%3A00%2B02%3A00&#038;subject=%C3%96ffentliches+Brauseminar";"extern"
"termine";"https://www.deinbier-allgaeu.de/terminkalender/oeffentliches-brauseminar-19/";"Seminar";"https://www.deinbier-allgaeu.de/events/tags/seminar/";"intern"
"termine";"https://www.deinbier-allgaeu.de/terminkalender/oeffentliches-brauseminar-19/";"Spaß";"https://www.deinbier-allgaeu.de/events/tags/spass/";"intern"
"termine";"https://www.deinbier-allgaeu.de/terminkalender/oeffentliches-brauseminar-2/";"Brauseminar";"https://www.deinbier-allgaeu.de/events/categories/brauseminar/";"intern"
"termine";"https://www.deinbier-allgaeu.de/terminkalender/oeffentliches-brauseminar-2/";"Brauseminar";"https://www.deinbier-allgaeu.de/events/tags/brauseminar/";"intern"
"termine";"https://www.deinbier-allgaeu.de/terminkalender/oeffentliches-brauseminar-2/";"DEIN BIER";"https://www.deinbier-allgaeu.de/locations/dein-bier/";"intern"
"termine";"https://www.deinbier-allgaeu.de/terminkalender/oeffentliches-brauseminar-2/";"Google Kalender";"https://www.google.com/calendar/event?action=TEMPLATE&#038;text=Brauseminar+%C3%B6ffentlich&#038;dates=20221008T110000/20221008T110000&#038;details=Am+08.10.2022+findet+wieder+ein+%C3%B6ffentliches+Brauseminar+sattBeginn+um+11+Uhr+an+der+Brauscheune+Frankenried+11%3A00+Uhr&#038;location=Hausen+3%2C+Mauerstetten%2C+Deutschland%2C+87665%2C+Bayern%2C+Deutschland&#038;trp=false&#038;sprop=https%3A%2F%2Fwww.deinbier-allgaeu.de%2Fterminkalender%2Foeffentliches-brauseminar-2%2F&#038;sprop=name:Dein+Bier&#038;ctz=Europe%2FBerlin";"intern"
"termine";"https://www.deinbier-allgaeu.de/terminkalender/oeffentliches-brauseminar-2/";"iCalendar";"webcal://www.deinbier-allgaeu.de/terminkalender/oeffentliches-brauseminar-2/ical/";"intern"
"termine";"https://www.deinbier-allgaeu.de/terminkalender/oeffentliches-brauseminar-2/";"ICS herunterladen";"https://www.deinbier-allgaeu.de/terminkalender/oeffentliches-brauseminar-2/ical/";"intern"
"termine";"https://www.deinbier-allgaeu.de/terminkalender/oeffentliches-brauseminar-2/";"Office 365";"https://outlook.office.com/calendar/0/deeplink/compose?allday=false&#038;body=Am+08.10.2022+findet+wieder+ein+%C3%B6ffentliches+Brauseminar+sattBeginn+um+11+Uhr+an+der+Brauscheune+Frankenried+11%3A00+Uhr&#038;location=Hausen+3%2C+Mauerstetten%2C+Deutschland%2C+87665%2C+Bayern%2C+Deutschland&#038;path=/calendar/action/compose&#038;rru=addevent&#038;startdt=2022-10-08T11%3A00%3A00%2B02%3A00&#038;enddt=2022-10-08T11%3A00%3A00%2B02%3A00&#038;subject=Brauseminar+%C3%B6ffentlich";"extern"
"termine";"https://www.deinbier-allgaeu.de/terminkalender/oeffentliches-brauseminar-2/";"Outlook Live";"https://outlook.live.com/calendar/0/deeplink/compose?allday=false&#038;body=Am+08.10.2022+findet+wieder+ein+%C3%B6ffentliches+Brauseminar+sattBeginn+um+11+Uhr+an+der+Brauscheune+Frankenried+11%3A00+Uhr&#038;location=Hausen+3%2C+Mauerstetten%2C+Deutschland%2C+87665%2C+Bayern%2C+Deutschland&#038;path=/calendar/action/compose&#038;rru=addevent&#038;startdt=2022-10-08T11%3A00%3A00%2B02%3A00&#038;enddt=2022-10-08T11%3A00%3A00%2B02%3A00&#038;subject=Brauseminar+%C3%B6ffentlich";"extern"
"termine";"https://www.deinbier-allgaeu.de/terminkalender/oeffentliches-brauseminar-3/";"Brauseminar";"https://www.deinbier-allgaeu.de/events/categories/brauseminar/";"intern"
"termine";"https://www.deinbier-allgaeu.de/terminkalender/oeffentliches-brauseminar-3/";"DEIN BIER";"https://www.deinbier-allgaeu.de/locations/dein-bier/";"intern"
"termine";"https://www.deinbier-allgaeu.de/terminkalender/oeffentliches-brauseminar-3/";"Google Kalender";"https://www.google.com/calendar/event?action=TEMPLATE&#038;text=%C3%B6ffentliches+Brauseminar&#038;dates=20230304T110000/20230304T170000&#038;details=&#038;location=Hausen+3%2C+Mauerstetten%2C+Deutschland%2C+87665%2C+Bayern%2C+Deutschland&#038;trp=false&#038;sprop=https%3A%2F%2Fwww.deinbier-allgaeu.de%2Fterminkalender%2Foeffentliches-brauseminar-3%2F&#038;sprop=name:Dein+Bier&#038;ctz=Europe%2FBerlin";"intern"
"termine";"https://www.deinbier-allgaeu.de/terminkalender/oeffentliches-brauseminar-3/";"iCalendar";"webcal://www.deinbier-allgaeu.de/terminkalender/oeffentliches-brauseminar-3/ical/";"intern"
"termine";"https://www.deinbier-allgaeu.de/terminkalender/oeffentliches-brauseminar-3/";"ICS herunterladen";"https://www.deinbier-allgaeu.de/terminkalender/oeffentliches-brauseminar-3/ical/";"intern"
"termine";"https://www.deinbier-allgaeu.de/terminkalender/oeffentliches-brauseminar-3/";"Office 365";"https://outlook.office.com/calendar/0/deeplink/compose?allday=false&#038;body=&#038;location=Hausen+3%2C+Mauerstetten%2C+Deutschland%2C+87665%2C+Bayern%2C+Deutschland&#038;path=/calendar/action/compose&#038;rru=addevent&#038;startdt=2023-03-04T11%3A00%3A00%2B01%3A00&#038;enddt=2023-03-04T17%3A00%3A00%2B01%3A00&#038;subject=%C3%B6ffentliches+Brauseminar";"extern"
"termine";"https://www.deinbier-allgaeu.de/terminkalender/oeffentliches-brauseminar-3/";"Outlook Live";"https://outlook.live.com/calendar/0/deeplink/compose?allday=false&#038;body=&#038;location=Hausen+3%2C+Mauerstetten%2C+Deutschland%2C+87665%2C+Bayern%2C+Deutschland&#038;path=/calendar/action/compose&#038;rru=addevent&#038;startdt=2023-03-04T11%3A00%3A00%2B01%3A00&#038;enddt=2023-03-04T17%3A00%3A00%2B01%3A00&#038;subject=%C3%B6ffentliches+Brauseminar";"extern"
"termine";"https://www.deinbier-allgaeu.de/terminkalender/oeffentliches-brauseminar-4/";"Brauseminar";"https://www.deinbier-allgaeu.de/events/categories/brauseminar/";"intern"
"termine";"https://www.deinbier-allgaeu.de/terminkalender/oeffentliches-brauseminar-4/";"DEIN BIER";"https://www.deinbier-allgaeu.de/locations/dein-bier/";"intern"
"termine";"https://www.deinbier-allgaeu.de/terminkalender/oeffentliches-brauseminar-4/";"Google Kalender";"https://www.google.com/calendar/event?action=TEMPLATE&#038;text=%C3%B6ffentliches+Brauseminar&#038;dates=20230422T110000/20230422T170000&#038;details=&#038;location=Hausen+3%2C+Mauerstetten%2C+Deutschland%2C+87665%2C+Bayern%2C+Deutschland&#038;trp=false&#038;sprop=https%3A%2F%2Fwww.deinbier-allgaeu.de%2Fterminkalender%2Foeffentliches-brauseminar-4%2F&#038;sprop=name:Dein+Bier&#038;ctz=Europe%2FBerlin";"intern"
"termine";"https://www.deinbier-allgaeu.de/terminkalender/oeffentliches-brauseminar-4/";"iCalendar";"webcal://www.deinbier-allgaeu.de/terminkalender/oeffentliches-brauseminar-4/ical/";"intern"
"termine";"https://www.deinbier-allgaeu.de/terminkalender/oeffentliches-brauseminar-4/";"ICS herunterladen";"https://www.deinbier-allgaeu.de/terminkalender/oeffentliches-brauseminar-4/ical/";"intern"
"termine";"https://www.deinbier-allgaeu.de/terminkalender/oeffentliches-brauseminar-4/";"Office 365";"https://outlook.office.com/calendar/0/deeplink/compose?allday=false&#038;body=&#038;location=Hausen+3%2C+Mauerstetten%2C+Deutschland%2C+87665%2C+Bayern%2C+Deutschland&#038;path=/calendar/action/compose&#038;rru=addevent&#038;startdt=2023-04-22T11%3A00%3A00%2B02%3A00&#038;enddt=2023-04-22T17%3A00%3A00%2B02%3A00&#038;subject=%C3%B6ffentliches+Brauseminar";"extern"
"termine";"https://www.deinbier-allgaeu.de/terminkalender/oeffentliches-brauseminar-4/";"Outlook Live";"https://outlook.live.com/calendar/0/deeplink/compose?allday=false&#038;body=&#038;location=Hausen+3%2C+Mauerstetten%2C+Deutschland%2C+87665%2C+Bayern%2C+Deutschland&#038;path=/calendar/action/compose&#038;rru=addevent&#038;startdt=2023-04-22T11%3A00%3A00%2B02%3A00&#038;enddt=2023-04-22T17%3A00%3A00%2B02%3A00&#038;subject=%C3%B6ffentliches+Brauseminar";"extern"
"termine";"https://www.deinbier-allgaeu.de/terminkalender/oeffentliches-brauseminar-5/";"Brauseminar";"https://www.deinbier-allgaeu.de/events/categories/brauseminar/";"intern"
"termine";"https://www.deinbier-allgaeu.de/terminkalender/oeffentliches-brauseminar-5/";"DEIN BIER";"https://www.deinbier-allgaeu.de/locations/dein-bier/";"intern"
"termine";"https://www.deinbier-allgaeu.de/terminkalender/oeffentliches-brauseminar-5/";"Google Kalender";"https://www.google.com/calendar/event?action=TEMPLATE&#038;text=%C3%96ffentliches+Brauseminar&#038;dates=20230518T110000/20230518T170000&#038;details=&#038;location=Hausen+3%2C+Mauerstetten%2C+Deutschland%2C+87665%2C+Bayern%2C+Deutschland&#038;trp=false&#038;sprop=https%3A%2F%2Fwww.deinbier-allgaeu.de%2Fterminkalender%2Foeffentliches-brauseminar-5%2F&#038;sprop=name:Dein+Bier&#038;ctz=Europe%2FBerlin";"intern"
"termine";"https://www.deinbier-allgaeu.de/terminkalender/oeffentliches-brauseminar-5/";"iCalendar";"webcal://www.deinbier-allgaeu.de/terminkalender/oeffentliches-brauseminar-5/ical/";"intern"
"termine";"https://www.deinbier-allgaeu.de/terminkalender/oeffentliches-brauseminar-5/";"ICS herunterladen";"https://www.deinbier-allgaeu.de/terminkalender/oeffentliches-brauseminar-5/ical/";"intern"
"termine";"https://www.deinbier-allgaeu.de/terminkalender/oeffentliches-brauseminar-5/";"Office 365";"https://outlook.office.com/calendar/0/deeplink/compose?allday=false&#038;body=&#038;location=Hausen+3%2C+Mauerstetten%2C+Deutschland%2C+87665%2C+Bayern%2C+Deutschland&#038;path=/calendar/action/compose&#038;rru=addevent&#038;startdt=2023-05-18T11%3A00%3A00%2B02%3A00&#038;enddt=2023-05-18T17%3A00%3A00%2B02%3A00&#038;subject=%C3%96ffentliches+Brauseminar";"extern"
"termine";"https://www.deinbier-allgaeu.de/terminkalender/oeffentliches-brauseminar-5/";"Outlook Live";"https://outlook.live.com/calendar/0/deeplink/compose?allday=false&#038;body=&#038;location=Hausen+3%2C+Mauerstetten%2C+Deutschland%2C+87665%2C+Bayern%2C+Deutschland&#038;path=/calendar/action/compose&#038;rru=addevent&#038;startdt=2023-05-18T11%3A00%3A00%2B02%3A00&#038;enddt=2023-05-18T17%3A00%3A00%2B02%3A00&#038;subject=%C3%96ffentliches+Brauseminar";"extern"
"termine";"https://www.deinbier-allgaeu.de/terminkalender/oeffentliches-brauseminar-6/";"Brauseminar";"https://www.deinbier-allgaeu.de/events/categories/brauseminar/";"intern"
"termine";"https://www.deinbier-allgaeu.de/terminkalender/oeffentliches-brauseminar-6/";"DEIN BIER";"https://www.deinbier-allgaeu.de/locations/dein-bier/";"intern"
"termine";"https://www.deinbier-allgaeu.de/terminkalender/oeffentliches-brauseminar-6/";"Google Kalender";"https://www.google.com/calendar/event?action=TEMPLATE&#038;text=%C3%96ffentliches+Brauseminar&#038;dates=20230729T110000/20230729T110000&#038;details=Werdet+selbst+zum+Brauer%21Erfahrt+alles+%C3%BCber+das+Geheimnis+der+Braukunst+und+braut+Euer+eigenes+Bier.+DEIN+BIER+ist+ein+echtes+Erlebnis+f%C3%BCr+alle.Spa%C3%9F%2C+Spannung+und+gute+Laune+sind+garantiertNach+5-6+Woche+k%C3%B6nnt+Ihr+dann+auch+Euer+selbst+gebrautes+Bier+erwerben.Wir+freuen+uns+auf+EuchEuer+DEIN+BIER+Team&#038;location=Hausen+3%2C+Mauerstetten%2C+Deutschland%2C+87665%2C+Bayern%2C+Deutschland&#038;trp=false&#038;sprop=https%3A%2F%2Fwww.deinbier-allgaeu.de%2Fterminkalender%2Foeffentliches-brauseminar-6%2F&#038;sprop=name:Dein+Bier&#038;ctz=Europe%2FBerlin";"intern"
"termine";"https://www.deinbier-allgaeu.de/terminkalender/oeffentliches-brauseminar-6/";"iCalendar";"webcal://www.deinbier-allgaeu.de/terminkalender/oeffentliches-brauseminar-6/ical/";"intern"
"termine";"https://www.deinbier-allgaeu.de/terminkalender/oeffentliches-brauseminar-6/";"ICS herunterladen";"https://www.deinbier-allgaeu.de/terminkalender/oeffentliches-brauseminar-6/ical/";"intern"
"termine";"https://www.deinbier-allgaeu.de/terminkalender/oeffentliches-brauseminar-6/";"Office 365";"https://outlook.office.com/calendar/0/deeplink/compose?allday=false&#038;body=Werdet+selbst+zum+Brauer%21Erfahrt+alles+%C3%BCber+das+Geheimnis+der+Braukunst+und+braut+Euer+eigenes+Bier.+DEIN+BIER+ist+ein+echtes+Erlebnis+f%C3%BCr+alle.Spa%C3%9F%2C+Spannung+und+gute+Laune+sind+garantiertNach+5-6+Woche+k%C3%B6nnt+Ihr+dann+auch+Euer+selbst+gebrautes+Bier+erwerben.Wir+freuen+uns+auf+EuchEuer+DEIN+BIER+Team&#038;location=Hausen+3%2C+Mauerstetten%2C+Deutschland%2C+87665%2C+Bayern%2C+Deutschland&#038;path=/calendar/action/compose&#038;rru=addevent&#038;startdt=2023-07-29T11%3A00%3A00%2B02%3A00&#038;enddt=2023-07-29T11%3A00%3A00%2B02%3A00&#038;subject=%C3%96ffentliches+Brauseminar";"extern"
"termine";"https://www.deinbier-allgaeu.de/terminkalender/oeffentliches-brauseminar-6/";"Outlook Live";"https://outlook.live.com/calendar/0/deeplink/compose?allday=false&#038;body=Werdet+selbst+zum+Brauer%21Erfahrt+alles+%C3%BCber+das+Geheimnis+der+Braukunst+und+braut+Euer+eigenes+Bier.+DEIN+BIER+ist+ein+echtes+Erlebnis+f%C3%BCr+alle.Spa%C3%9F%2C+Spannung+und+gute+Laune+sind+garantiertNach+5-6+Woche+k%C3%B6nnt+Ihr+dann+auch+Euer+selbst+gebrautes+Bier+erwerben.Wir+freuen+uns+auf+EuchEuer+DEIN+BIER+Team&#038;location=Hausen+3%2C+Mauerstetten%2C+Deutschland%2C+87665%2C+Bayern%2C+Deutschland&#038;path=/calendar/action/compose&#038;rru=addevent&#038;startdt=2023-07-29T11%3A00%3A00%2B02%3A00&#038;enddt=2023-07-29T11%3A00%3A00%2B02%3A00&#038;subject=%C3%96ffentliches+Brauseminar";"extern"
"termine";"https://www.deinbier-allgaeu.de/terminkalender/oeffentliches-brauseminar-7/";"Brauseminar";"https://www.deinbier-allgaeu.de/events/categories/brauseminar/";"intern"
"termine";"https://www.deinbier-allgaeu.de/terminkalender/oeffentliches-brauseminar-7/";"DEIN BIER";"https://www.deinbier-allgaeu.de/locations/dein-bier/";"intern"
"termine";"https://www.deinbier-allgaeu.de/terminkalender/oeffentliches-brauseminar-7/";"Google Kalender";"https://www.google.com/calendar/event?action=TEMPLATE&#038;text=%C3%96ffentliches+Brauseminar&#038;dates=20230819T110000/20230819T110000&#038;details=Wer+immer+schon+mal+wissen+wollte%2C+wie+Bier+gebraut+wird%2C+ist+hier+genau+richtig.Mit+Spa%C3%9F+und+Freude+%28Freunden%29+erfahrt+Ihr+hier+alles+%C3%BCbers+Bierbrauen.+Gute+Gespr%C3%A4che+und+gut+Laune+garantiert.G%C3%B6nnt+Euch+ein+paar+sch%C3%B6ne+Stunden+und+werdet+selbst+zum+Brauer.Euer+selbst+gebrautes+Bier+gibt+es+dann+auch+nach+ca.+5-6+Wochen+zum+erwerben.Wir+freuen+uns+auf+EuchEuer+DEIN+BIER+Team&#038;location=Hausen+3%2C+Mauerstetten%2C+Deutschland%2C+87665%2C+Bayern%2C+Deutschland&#038;trp=false&#038;sprop=https%3A%2F%2Fwww.deinbier-allgaeu.de%2Fterminkalender%2Foeffentliches-brauseminar-7%2F&#038;sprop=name:Dein+Bier&#038;ctz=Europe%2FBerlin";"intern"
"termine";"https://www.deinbier-allgaeu.de/terminkalender/oeffentliches-brauseminar-7/";"iCalendar";"webcal://www.deinbier-allgaeu.de/terminkalender/oeffentliches-brauseminar-7/ical/";"intern"
"termine";"https://www.deinbier-allgaeu.de/terminkalender/oeffentliches-brauseminar-7/";"ICS herunterladen";"https://www.deinbier-allgaeu.de/terminkalender/oeffentliches-brauseminar-7/ical/";"intern"
"termine";"https://www.deinbier-allgaeu.de/terminkalender/oeffentliches-brauseminar-7/";"Office 365";"https://outlook.office.com/calendar/0/deeplink/compose?allday=false&#038;body=Wer+immer+schon+mal+wissen+wollte%2C+wie+Bier+gebraut+wird%2C+ist+hier+genau+richtig.Mit+Spa%C3%9F+und+Freude+%28Freunden%29+erfahrt+Ihr+hier+alles+%C3%BCbers+Bierbrauen.+Gute+Gespr%C3%A4che+und+gut+Laune+garantiert.G%C3%B6nnt+Euch+ein+paar+sch%C3%B6ne+Stunden+und+werdet+selbst+zum+Brauer.Euer+selbst+gebrautes+Bier+gibt+es+dann+auch+nach+ca.+5-6+Wochen+zum+erwerben.Wir+freuen+uns+auf+EuchEuer+DEIN+BIER+Team&#038;location=Hausen+3%2C+Mauerstetten%2C+Deutschland%2C+87665%2C+Bayern%2C+Deutschland&#038;path=/calendar/action/compose&#038;rru=addevent&#038;startdt=2023-08-19T11%3A00%3A00%2B02%3A00&#038;enddt=2023-08-19T11%3A00%3A00%2B02%3A00&#038;subject=%C3%96ffentliches+Brauseminar";"extern"
"termine";"https://www.deinbier-allgaeu.de/terminkalender/oeffentliches-brauseminar-7/";"Outlook Live";"https://outlook.live.com/calendar/0/deeplink/compose?allday=false&#038;body=Wer+immer+schon+mal+wissen+wollte%2C+wie+Bier+gebraut+wird%2C+ist+hier+genau+richtig.Mit+Spa%C3%9F+und+Freude+%28Freunden%29+erfahrt+Ihr+hier+alles+%C3%BCbers+Bierbrauen.+Gute+Gespr%C3%A4che+und+gut+Laune+garantiert.G%C3%B6nnt+Euch+ein+paar+sch%C3%B6ne+Stunden+und+werdet+selbst+zum+Brauer.Euer+selbst+gebrautes+Bier+gibt+es+dann+auch+nach+ca.+5-6+Wochen+zum+erwerben.Wir+freuen+uns+auf+EuchEuer+DEIN+BIER+Team&#038;location=Hausen+3%2C+Mauerstetten%2C+Deutschland%2C+87665%2C+Bayern%2C+Deutschland&#038;path=/calendar/action/compose&#038;rru=addevent&#038;startdt=2023-08-19T11%3A00%3A00%2B02%3A00&#038;enddt=2023-08-19T11%3A00%3A00%2B02%3A00&#038;subject=%C3%96ffentliches+Brauseminar";"extern"
"termine";"https://www.deinbier-allgaeu.de/terminkalender/oeffentliches-brauseminar-9/";"Brauseminar";"https://www.deinbier-allgaeu.de/events/categories/brauseminar/";"intern"
"termine";"https://www.deinbier-allgaeu.de/terminkalender/oeffentliches-brauseminar-9/";"DEIN BIER";"https://www.deinbier-allgaeu.de/locations/dein-bier/";"intern"
"termine";"https://www.deinbier-allgaeu.de/terminkalender/oeffentliches-brauseminar-9/";"Google Kalender";"https://www.google.com/calendar/event?action=TEMPLATE&#038;text=%C3%96ffentliches+Brauseminar&#038;dates=20240316T110000/20240316T170000&#038;details=Ein+Tag+mit+Spa%C3%9F%2C+Spannung%2C+guter+Laune+wartet+auf+Sie.Erfahrt+alles+was+Ihr+schon+immer+%C3%BCber+das+Bierbrauen+wissen+wolltet+und+la%C3%9Ft+es+Euch+bei+Getr%C3%A4nken+und+einer+z%C3%BCnftigen+Brotzeit+gut+gehen.Wir+freuen+uns+auf+Euch+Euer+DEIN+BIER+Team&#038;location=Hausen+3%2C+Mauerstetten%2C+Deutschland%2C+87665%2C+Bayern%2C+Deutschland&#038;trp=false&#038;sprop=https%3A%2F%2Fwww.deinbier-allgaeu.de%2Fterminkalender%2Foeffentliches-brauseminar-9%2F&#038;sprop=name:Dein+Bier&#038;ctz=Europe%2FBerlin";"intern"
"termine";"https://www.deinbier-allgaeu.de/terminkalender/oeffentliches-brauseminar-9/";"iCalendar";"webcal://www.deinbier-allgaeu.de/terminkalender/oeffentliches-brauseminar-9/ical/";"intern"
"termine";"https://www.deinbier-allgaeu.de/terminkalender/oeffentliches-brauseminar-9/";"ICS herunterladen";"https://www.deinbier-allgaeu.de/terminkalender/oeffentliches-brauseminar-9/ical/";"intern"
"termine";"https://www.deinbier-allgaeu.de/terminkalender/oeffentliches-brauseminar-9/";"Office 365";"https://outlook.office.com/calendar/0/deeplink/compose?allday=false&#038;body=Ein+Tag+mit+Spa%C3%9F%2C+Spannung%2C+guter+Laune+wartet+auf+Sie.Erfahrt+alles+was+Ihr+schon+immer+%C3%BCber+das+Bierbrauen+wissen+wolltet+und+la%C3%9Ft+es+Euch+bei+Getr%C3%A4nken+und+einer+z%C3%BCnftigen+Brotzeit+gut+gehen.Wir+freuen+uns+auf+Euch+Euer+DEIN+BIER+Team&#038;location=Hausen+3%2C+Mauerstetten%2C+Deutschland%2C+87665%2C+Bayern%2C+Deutschland&#038;path=/calendar/action/compose&#038;rru=addevent&#038;startdt=2024-03-16T11%3A00%3A00%2B01%3A00&#038;enddt=2024-03-16T17%3A00%3A00%2B01%3A00&#038;subject=%C3%96ffentliches+Brauseminar";"extern"
"termine";"https://www.deinbier-allgaeu.de/terminkalender/oeffentliches-brauseminar-9/";"Outlook Live";"https://outlook.live.com/calendar/0/deeplink/compose?allday=false&#038;body=Ein+Tag+mit+Spa%C3%9F%2C+Spannung%2C+guter+Laune+wartet+auf+Sie.Erfahrt+alles+was+Ihr+schon+immer+%C3%BCber+das+Bierbrauen+wissen+wolltet+und+la%C3%9Ft+es+Euch+bei+Getr%C3%A4nken+und+einer+z%C3%BCnftigen+Brotzeit+gut+gehen.Wir+freuen+uns+auf+Euch+Euer+DEIN+BIER+Team&#038;location=Hausen+3%2C+Mauerstetten%2C+Deutschland%2C+87665%2C+Bayern%2C+Deutschland&#038;path=/calendar/action/compose&#038;rru=addevent&#038;startdt=2024-03-16T11%3A00%3A00%2B01%3A00&#038;enddt=2024-03-16T17%3A00%3A00%2B01%3A00&#038;subject=%C3%96ffentliches+Brauseminar";"extern"
"termine";"https://www.deinbier-allgaeu.de/terminkalender/oeffentliches-brauseminar/";"Brauseminar";"https://www.deinbier-allgaeu.de/events/categories/brauseminar/";"intern"
"termine";"https://www.deinbier-allgaeu.de/terminkalender/oeffentliches-brauseminar/";"Brauseminar";"https://www.deinbier-allgaeu.de/events/tags/brauseminar/";"intern"
"termine";"https://www.deinbier-allgaeu.de/terminkalender/oeffentliches-brauseminar/";"DEIN BIER";"https://www.deinbier-allgaeu.de/locations/dein-bier/";"intern"
"termine";"https://www.deinbier-allgaeu.de/terminkalender/oeffentliches-brauseminar/";"Google Kalender";"https://www.google.com/calendar/event?action=TEMPLATE&#038;text=%C3%96ffentliches+Brauseminar&#038;dates=20220723T110000/20220723T180000&#038;details=am+23.07.2022+um+11%3A00+Uhr&#038;location=Hausen+3%2C+Mauerstetten%2C+Deutschland%2C+87665%2C+Bayern%2C+Deutschland&#038;trp=false&#038;sprop=https%3A%2F%2Fwww.deinbier-allgaeu.de%2Fterminkalender%2Foeffentliches-brauseminar%2F&#038;sprop=name:Dein+Bier&#038;ctz=Europe%2FBerlin";"intern"
"termine";"https://www.deinbier-allgaeu.de/terminkalender/oeffentliches-brauseminar/";"iCalendar";"webcal://www.deinbier-allgaeu.de/terminkalender/oeffentliches-brauseminar/ical/";"intern"
"termine";"https://www.deinbier-allgaeu.de/terminkalender/oeffentliches-brauseminar/";"ICS herunterladen";"https://www.deinbier-allgaeu.de/terminkalender/oeffentliches-brauseminar/ical/";"intern"
"termine";"https://www.deinbier-allgaeu.de/terminkalender/oeffentliches-brauseminar/";"Office 365";"https://outlook.office.com/calendar/0/deeplink/compose?allday=false&#038;body=am+23.07.2022+um+11%3A00+Uhr&#038;location=Hausen+3%2C+Mauerstetten%2C+Deutschland%2C+87665%2C+Bayern%2C+Deutschland&#038;path=/calendar/action/compose&#038;rru=addevent&#038;startdt=2022-07-23T11%3A00%3A00%2B02%3A00&#038;enddt=2022-07-23T18%3A00%3A00%2B02%3A00&#038;subject=%C3%96ffentliches+Brauseminar";"extern"
"termine";"https://www.deinbier-allgaeu.de/terminkalender/oeffentliches-brauseminar/";"Outlook Live";"https://outlook.live.com/calendar/0/deeplink/compose?allday=false&#038;body=am+23.07.2022+um+11%3A00+Uhr&#038;location=Hausen+3%2C+Mauerstetten%2C+Deutschland%2C+87665%2C+Bayern%2C+Deutschland&#038;path=/calendar/action/compose&#038;rru=addevent&#038;startdt=2022-07-23T11%3A00%3A00%2B02%3A00&#038;enddt=2022-07-23T18%3A00%3A00%2B02%3A00&#038;subject=%C3%96ffentliches+Brauseminar";"extern"
"termine";"https://www.deinbier-allgaeu.de/terminkalender/winterzauber-in-den-rauhnaechten/";"Biergarten";"https://www.deinbier-allgaeu.de/events/categories/biergarten/";"intern"
"termine";"https://www.deinbier-allgaeu.de/terminkalender/winterzauber-in-den-rauhnaechten/";"DEIN BIER";"https://www.deinbier-allgaeu.de/locations/dein-bier/";"intern"
"termine";"https://www.deinbier-allgaeu.de/terminkalender/winterzauber-in-den-rauhnaechten/";"Google Kalender";"https://www.google.com/calendar/event?action=TEMPLATE&#038;text=Winterzauber+in+den+Rauhn%C3%A4chten&#038;dates=20250103T150000/20250103T210000&#038;details=Kommt+vorbei+zu+unserem+Winterzauber%2Cein+gute+Zeitpunkt+sich+und+anderen+ein+gutes+neues+Jahr+zu+w%C3%BCnschen.+In+gem%C3%BCtlicher+Atmosph%C3%A4re+am+Lagerfeuer+und+mir+Kerzenschein.F%C3%BCrs+leibliche+Wohl+wird+gesorgt.+Warme+Getr%C3%A4nke+wie+Gl%C3%BChbi+und+Punsch%2C+Bierstacheln+und+warmer+Bierlik%C3%B6r+mit+Sahne.+Da+Hopfenkaltschale+darf+nat%C3%BCrlich+auch+nicht+fehlen.Wir+stellen+auch+wieder+unseren+Grill+auf%2C+dort+d%C3%BCrft+Ihr+auch+Eure+eigenen+Sachen+grillen.Wir+freuen+uns+auf+Euch&#038;location=Hausen+3%2C+Mauerstetten%2C+Deutschland%2C+87665%2C+Bayern%2C+Deutschland&#038;trp=false&#038;sprop=https%3A%2F%2Fwww.deinbier-allgaeu.de%2Fterminkalender%2Fwinterzauber-in-den-rauhnaechten%2F&#038;sprop=name:Dein+Bier&#038;ctz=Europe%2FBerlin";"intern"
"termine";"https://www.deinbier-allgaeu.de/terminkalender/winterzauber-in-den-rauhnaechten/";"iCalendar";"webcal://www.deinbier-allgaeu.de/terminkalender/winterzauber-in-den-rauhnaechten/ical/";"intern"
"termine";"https://www.deinbier-allgaeu.de/terminkalender/winterzauber-in-den-rauhnaechten/";"ICS herunterladen";"https://www.deinbier-allgaeu.de/terminkalender/winterzauber-in-den-rauhnaechten/ical/";"intern"
"termine";"https://www.deinbier-allgaeu.de/terminkalender/winterzauber-in-den-rauhnaechten/";"Office 365";"https://outlook.office.com/calendar/0/deeplink/compose?allday=false&#038;body=Kommt+vorbei+zu+unserem+Winterzauber%2Cein+gute+Zeitpunkt+sich+und+anderen+ein+gutes+neues+Jahr+zu+w%C3%BCnschen.+In+gem%C3%BCtlicher+Atmosph%C3%A4re+am+Lagerfeuer+und+mir+Kerzenschein.F%C3%BCrs+leibliche+Wohl+wird+gesorgt.+Warme+Getr%C3%A4nke+wie+Gl%C3%BChbi+und+Punsch%2C+Bierstacheln+und+warmer+Bierlik%C3%B6r+mit+Sahne.+Da+Hopfenkaltschale+darf+nat%C3%BCrlich+auch+nicht+fehlen.Wir+stellen+auch+wieder+unseren+Grill+auf%2C+dort+d%C3%BCrft+Ihr+auch+Eure+eigenen+Sachen+grillen.Wir+freuen+uns+auf+Euch&#038;location=Hausen+3%2C+Mauerstetten%2C+Deutschland%2C+87665%2C+Bayern%2C+Deutschland&#038;path=/calendar/action/compose&#038;rru=addevent&#038;startdt=2025-01-03T15%3A00%3A00%2B01%3A00&#038;enddt=2025-01-03T21%3A00%3A00%2B01%3A00&#038;subject=Winterzauber+in+den+Rauhn%C3%A4chten";"extern"
"termine";"https://www.deinbier-allgaeu.de/terminkalender/winterzauber-in-den-rauhnaechten/";"Outlook Live";"https://outlook.live.com/calendar/0/deeplink/compose?allday=false&#038;body=Kommt+vorbei+zu+unserem+Winterzauber%2Cein+gute+Zeitpunkt+sich+und+anderen+ein+gutes+neues+Jahr+zu+w%C3%BCnschen.+In+gem%C3%BCtlicher+Atmosph%C3%A4re+am+Lagerfeuer+und+mir+Kerzenschein.F%C3%BCrs+leibliche+Wohl+wird+gesorgt.+Warme+Getr%C3%A4nke+wie+Gl%C3%BChbi+und+Punsch%2C+Bierstacheln+und+warmer+Bierlik%C3%B6r+mit+Sahne.+Da+Hopfenkaltschale+darf+nat%C3%BCrlich+auch+nicht+fehlen.Wir+stellen+auch+wieder+unseren+Grill+auf%2C+dort+d%C3%BCrft+Ihr+auch+Eure+eigenen+Sachen+grillen.Wir+freuen+uns+auf+Euch&#038;location=Hausen+3%2C+Mauerstetten%2C+Deutschland%2C+87665%2C+Bayern%2C+Deutschland&#038;path=/calendar/action/compose&#038;rru=addevent&#038;startdt=2025-01-03T15%3A00%3A00%2B01%3A00&#038;enddt=2025-01-03T21%3A00%3A00%2B01%3A00&#038;subject=Winterzauber+in+den+Rauhn%C3%A4chten";"extern"
